index,udp_chunks,log_anomalies,request_frame,udp_reassembled,response_parse_error,request_preambles,request_delimiter,request_address,request_command,request_byte_count,request_data,request_checksum,request_checksum_valid,request_complete,request_extra_bytes,response_preambles,response_delimiter,response_address,response_command,response_byte_count,response_data,response_checksum,response_checksum_valid,response_complete,response_extra_bytes,response_frame,response_code,device_status,response_body
0,9,,FF FF FF FF FF 02 80 00 00 82,FF FF FF FF FF 06 80 00 0E 00 64 FE 3E 01 05 05 05 72 20 06 05 F0 4D C4,,5,02,80,00,0,,82,True,True,,5,06,80,00,14,00 64 FE 3E 01 05 05 05 72 20 06 05 F0 4D,C4,True,True,,FF FF FF FF FF 06 80 00 0E 00 64 FE 3E 01 05 05 05 72 20 06 05 F0 4D C4,00,64,FE 3E 01 05 05 05 72 20 06 05 F0 4D
1,13,,FF FF FF FF FF 82 BE 01 05 F0 4D 0D 00 88,FF FF FF FF FF 86 BE 01 05 F0 4D 0D 17 00 44 50 11 E0 82 08 20 C7 68 03 20 14 81 0D 41 52 15 38 20 82 08 20 74,,5,82,BE 01 05 F0 4D,0D,0,,88,True,True,,5,86,BE 01 05 F0 4D,0D,23,00 44 50 11 E0 82 08 20 C7 68 03 20 14 81 0D 41 52 15 38 20 82 08 20,74,True,True,,FF FF FF FF FF 86 BE 01 05 F0 4D 0D 17 00 44 50 11 E0 82 08 20 C7 68 03 20 14 81 0D 41 52 15 38 20 82 08 20 74,00,44,50 11 E0 82 08 20 C7 68 03 20 14 81 0D 41 52 15 38 20 82 08 20
2,9,,FF FF FF FF FF 02 80 00 00 82,FF FF FF FF FF 06 80 00 0E 00 44 FE 3E 01 05 05 05 72 20 06 05 F0 4D E4,,5,02,80,00,0,,82,True,True,,5,06,80,00,14,00 44 FE 3E 01 05 05 05 72 20 06 05 F0 4D,E4,True,True,,FF FF FF FF FF 06 80 00 0E 00 44 FE 3E 01 05 05 05 72 20 06 05 F0 4D E4,00,44,FE 3E 01 05 05 05 72 20 06 05 F0 4D
3,10,,FF FF FF FF FF 82 BE 01 05 F0 4D 00 00 85,FF FF FF FF FF 86 BE 01 05 F0 4D 00 0E 00 44 FE 3E 01 05 05 05 72 20 06 05 F0 4D E3,,5,82,BE 01 05 F0 4D,00,0,,85,True,True,,5,86,BE 01 05 F0 4D,00,14,00 44 FE 3E 01 05 05 05 72 20 06 05 F0 4D,E3,True,True,,FF FF FF FF FF 86 BE 01 05 F0 4D 00 0E 00 44 FE 3E 01 05 05 05 72 20 06 05 F0 4D E3,00,44,FE 3E 01 05 05 05 72 20 06 05 F0 4D
4,6,,FF FF FF FF FF 82 BE 01 05 F0 4D 14 00 91,FF FF FF FF FF 86 BE 01 05 F0 4D 14 02 40 44 93,,5,82,BE 01 05 F0 4D,14,0,,91,True,True,,5,86,BE 01 05 F0 4D,14,2,40 44,93,True,True,,FF FF FF FF FF 86 BE 01 05 F0 4D 14 02 40 44 93,40,44,
5,13,,FF FF FF FF FF 82 BE 01 05 F0 4D 0D 00 88,FF FF FF FF FF 86 BE 01 05 F0 4D 0D 17 00 44 50 11 E0 82 08 20 C7 68 03 20 14 81 0D 41 52 15 38 20 82 08 20 74,,5,82,BE 01 05 F0 4D,0D,0,,88,True,True,,5,86,BE 01 05 F0 4D,0D,23,00 44 50 11 E0 82 08 20 C7 68 03 20 14 81 0D 41 52 15 38 20 82 08 20,74,True,True,,FF FF FF FF FF 86 BE 01 05 F0 4D 0D 17 00 44 50 11 E0 82 08 20 C7 68 03 20 14 81 0D 41 52 15 38 20 82 08 20 74,00,44,50 11 E0 82 08 20 C7 68 03 20 14 81 0D 41 52 15 38 20 82 08 20
6,14,,FF FF FF FF FF 82 BE 01 05 F0 4D 0C 00 89,FF FF FF FF FF 86 BE 01 05 F0 4D 0C 1A 00 44 CF 28 03 20 14 81 0D 41 52 15 38 20 82 08 20 82 08 20 82 08 20 82 08 20 91,,5,82,BE 01 05 F0 4D,0C,0,,89,True,True,,5,86,BE 01 05 F0 4D,0C,26,00 44 CF 28 03 20 14 81 0D 41 52 15 38 20 82 08 20 82 08 20 82 08 20 82 08 20,91,True,True,,FF FF FF FF FF 86 BE 01 05 F0 4D 0C 1A 00 44 CF 28 03 20 14 81 0D 41 52 15 38 20 82 08 20 82 08 20 82 08 20 82 08 20 91,00,44,CF 28 03 20 14 81 0D 41 52 15 38 20 82 08 20 82 08 20 82 08 20 82 08 20
7,13,,FF FF FF FF FF 82 BE 01 05 F0 4D AD 00 28,FF FF FF FF FF 86 BE 01 05 F0 4D AD 18 00 44 4C 44 33 30 31 4D 32 31 49 54 44 31 30 30 31 31 2D 49 36 50 30 20 7E,,5,82,BE 01 05 F0 4D,AD,0,,28,True,True,,5,86,BE 01 05 F0 4D,AD,24,00 44 4C 44 33 30 31 4D 32 31 49 54 44 31 30 30 31 31 2D 49 36 50 30 20,7E,True,True,,FF FF FF FF FF 86 BE 01 05 F0 4D AD 18 00 44 4C 44 33 30 31 4D 32 31 49 54 44 31 30 30 31 31 2D 49 36 50 30 20 7E,00,44,4C 44 33 30 31 4D 32 31 49 54 44 31 30 30 31 31 2D 49 36 50 30 20
8,11,,FF FF FF FF FF 82 BE 01 05 F0 4D 00 00 85,FF FF FF FF FF 86 BE 01 05 F0 4D 00 0E 00 44 FE 3E 01 05 05 05 72 20 06 05 F0 4D E3,,5,82,BE 01 05 F0 4D,00,0,,85,True,True,,5,86,BE 01 05 F0 4D,00,14,00 44 FE 3E 01 05 05 05 72 20 06 05 F0 4D,E3,True,True,,FF FF FF FF FF 86 BE 01 05 F0 4D 00 0E 00 44 FE 3E 01 05 05 05 72 20 06 05 F0 4D E3,00,44,FE 3E 01 05 05 05 72 20 06 05 F0 4D
9,6,,FF FF FF FF FF 82 BE 01 05 F0 4D 14 00 91,FF FF FF FF FF 86 BE 01 05 F0 4D 14 02 40 44 93,,5,82,BE 01 05 F0 4D,14,0,,91,True,True,,5,86,BE 01 05 F0 4D,14,2,40 44,93,True,True,,FF FF FF FF FF 86 BE 01 05 F0 4D 14 02 40 44 93,40,44,
10,14,,FF FF FF FF FF 82 BE 01 05 F0 4D 0D 00 88,FF FF FF FF FF 86 BE 01 05 F0 4D 0D 17 00 44 50 11 E0 82 08 20 C7 68 03 20 14 81 0D 41 52 15 38 20 82 08 20 74,,5,82,BE 01 05 F0 4D,0D,0,,88,True,True,,5,86,BE 01 05 F0 4D,0D,23,00 44 50 11 E0 82 08 20 C7 68 03 20 14 81 0D 41 52 15 38 20 82 08 20,74,True,True,,FF FF FF FF FF 86 BE 01 05 F0 4D 0D 17 00 44 50 11 E0 82 08 20 C7 68 03 20 14 81 0D 41 52 15 38 20 82 08 20 74,00,44,50 11 E0 82 08 20 C7 68 03 20 14 81 0D 41 52 15 38 20 82 08 20
11,13,,FF FF FF FF FF 82 BE 01 05 F0 4D 0C 00 89,FF FF FF FF FF 86 BE 01 05 F0 4D 0C 1A 00 44 CF 28 03 20 14 81 0D 41 52 15 38 20 82 08 20 82 08 20 82 08 20 82 08 20 91,,5,82,BE 01 05 F0 4D,0C,0,,89,True,True,,5,86,BE 01 05 F0 4D,0C,26,00 44 CF 28 03 20 14 81 0D 41 52 15 38 20 82 08 20 82 08 20 82 08 20 82 08 20,91,True,True,,FF FF FF FF FF 86 BE 01 05 F0 4D 0C 1A 00 44 CF 28 03 20 14 81 0D 41 52 15 38 20 82 08 20 82 08 20 82 08 20 82 08 20 91,00,44,CF 28 03 20 14 81 0D 41 52 15 38 20 82 08 20 82 08 20 82 08 20 82 08 20
12,14,,FF FF FF FF FF 82 BE 01 05 F0 4D AD 00 28,FF FF FF FF FF 86 BE 01 05 F0 4D AD 18 00 44 4C 44 33 30 31 4D 32 31 49 54 44 31 30 30 31 31 2D 49 36 50 30 20 7E,,5,82,BE 01 05 F0 4D,AD,0,,28,True,True,,5,86,BE 01 05 F0 4D,AD,24,00 44 4C 44 33 30 31 4D 32 31 49 54 44 31 30 30 31 31 2D 49 36 50 30 20,7E,True,True,,FF FF FF FF FF 86 BE 01 05 F0 4D AD 18 00 44 4C 44 33 30 31 4D 32 31 49 54 44 31 30 30 31 31 2D 49 36 50 30 20 7E,00,44,4C 44 33 30 31 4D 32 31 49 54 44 31 30 30 31 31 2D 49 36 50 30 20
13,14,,FF FF FF FF FF 82 BE 01 05 F0 4D 12 15 31 4C 70 C2 08 20 34 51 09 10 F4 A0 10 58 0E 25 61 4C 08 03 51 59,FF FF FF FF FF 86 BE 01 05 F0 4D 12 17 00 44 31 4C 70 C2 08 20 34 51 09 10 F4 A0 10 58 0E 25 61 4C 08 03 51 1B,,5,82,BE 01 05 F0 4D,12,21,31 4C 70 C2 08 20 34 51 09 10 F4 A0 10 58 0E 25 61 4C 08 03 51,59,True,True,,5,86,BE 01 05 F0 4D,12,23,00 44 31 4C 70 C2 08 20 34 51 09 10 F4 A0 10 58 0E 25 61 4C 08 03 51,1B,True,True,,FF FF FF FF FF 86 BE 01 05 F0 4D 12 17 00 44 31 4C 70 C2 08 20 34 51 09 10 F4 A0 10 58 0E 25 61 4C 08 03 51 1B,00,44,31 4C 70 C2 08 20 34 51 09 10 F4 A0 10 58 0E 25 61 4C 08 03 51
14,14,,FF FF FF FF FF 82 BE 01 05 F0 4D 11 18 51 20 4E 4C D2 53 4C F4 A0 10 58 0E 25 61 4C 82 08 20 82 08 20 82 08 20 82,FF FF FF FF FF 86 BE 01 05 F0 4D 11 1A 00 44 51 20 4E 4C D2 53 4C F4 A0 10 58 0E 25 61 4C 82 08 20 82 08 20 82 08 20 C0,,5,82,BE 01 05 F0 4D,11,24,51 20 4E 4C D2 53 4C F4 A0 10 58 0E 25 61 4C 82 08 20 82 08 20 82 08 20,82,True,True,,5,86,BE 01 05 F0 4D,11,26,00 44 51 20 4E 4C D2 53 4C F4 A0 10 58 0E 25 61 4C 82 08 20 82 08 20 82 08 20,C0,True,True,,FF FF FF FF FF 86 BE 01 05 F0 4D 11 1A 00 44 51 20 4E 4C D2 53 4C F4 A0 10 58 0E 25 61 4C 82 08 20 82 08 20 82 08 20 C0,00,44,51 20 4E 4C D2 53 4C F4 A0 10 58 0E 25 61 4C 82 08 20 82 08 20 82 08 20
15,10,,FF FF FF FF FF 82 BE 01 05 F0 4D 00 00 85,FF FF FF FF FF 86 BE 01 05 F0 4D 00 0E 00 44 FE 3E 01 05 05 05 72 20 06 05 F0 4D E3,,5,82,BE 01 05 F0 4D,00,0,,85,True,True,,5,86,BE 01 05 F0 4D,00,14,00 44 FE 3E 01 05 05 05 72 20 06 05 F0 4D,E3,True,True,,FF FF FF FF FF 86 BE 01 05 F0 4D 00 0E 00 44 FE 3E 01 05 05 05 72 20 06 05 F0 4D E3,00,44,FE 3E 01 05 05 05 72 20 06 05 F0 4D
16,6,,FF FF FF FF FF 82 BE 01 05 F0 4D 14 00 91,FF FF FF FF FF 86 BE 01 05 F0 4D 14 02 40 44 93,,5,82,BE 01 05 F0 4D,14,0,,91,True,True,,5,86,BE 01 05 F0 4D,14,2,40 44,93,True,True,,FF FF FF FF FF 86 BE 01 05 F0 4D 14 02 40 44 93,40,44,
17,13,,FF FF FF FF FF 82 BE 01 05 F0 4D 0D 00 88,FF FF FF FF FF 86 BE 01 05 F0 4D 0D 17 00 44 31 4C 70 C2 08 20 34 51 09 10 F4 A0 10 58 0E 25 61 4C 08 03 51 04,,5,82,BE 01 05 F0 4D,0D,0,,88,True,True,,5,86,BE 01 05 F0 4D,0D,23,00 44 31 4C 70 C2 08 20 34 51 09 10 F4 A0 10 58 0E 25 61 4C 08 03 51,04,True,True,,FF FF FF FF FF 86 BE 01 05 F0 4D 0D 17 00 44 31 4C 70 C2 08 20 34 51 09 10 F4 A0 10 58 0E 25 61 4C 08 03 51 04,00,44,31 4C 70 C2 08 20 34 51 09 10 F4 A0 10 58 0E 25 61 4C 08 03 51
18,14,,FF FF FF FF FF 82 BE 01 05 F0 4D 0C 00 89,FF FF FF FF FF 86 BE 01 05 F0 4D 0C 1A 00 44 51 20 4E 4C D2 53 4C F4 A0 10 58 0E 25 61 4C 82 08 20 82 08 20 82 08 20 DD,,5,82,BE 01 05 F0 4D,0C,0,,89,True,True,,5,86,BE 01 05 F0 4D,0C,26,00 44 51 20 4E 4C D2 53 4C F4 A0 10 58 0E 25 61 4C 82 08 20 82 08 20 82 08 20,DD,True,True,,FF FF FF FF FF 86 BE 01 05 F0 4D 0C 1A 00 44 51 20 4E 4C D2 53 4C F4 A0 10 58 0E 25 61 4C 82 08 20 82 08 20 82 08 20 DD,00,44,51 20 4E 4C D2 53 4C F4 A0 10 58 0E 25 61 4C 82 08 20 82 08 20 82 08 20
19,14,,FF FF FF FF FF 82 BE 01 05 F0 4D AD 00 28,FF FF FF FF FF 86 BE 01 05 F0 4D AD 18 00 44 4C 44 33 30 31 4D 32 31 49 54 44 31 30 30 31 31 2D 49 36 50 30 20 7E,,5,82,BE 01 05 F0 4D,AD,0,,28,True,True,,5,86,BE 01 05 F0 4D,AD,24,00 44 4C 44 33 30 31 4D 32 31 49 54 44 31 30 30 31 31 2D 49 36 50 30 20,7E,True,True,,FF FF FF FF FF 86 BE 01 05 F0 4D AD 18 00 44 4C 44 33 30 31 4D 32 31 49 54 44 31 30 30 31 31 2D 49 36 50 30 20 7E,00,44,4C 44 33 30 31 4D 32 31 49 54 44 31 30 30 31 31 2D 49 36 50 30 20
20,7,,FF FF FF FF FF 82 BE 01 05 F0 4D A4 00 21,FF FF FF FF FF 86 BE 01 05 F0 4D A4 06 00 44 03 05 02 02 61,,5,82,BE 01 05 F0 4D,A4,0,,21,True,True,,5,86,BE 01 05 F0 4D,A4,6,00 44 03 05 02 02,61,True,True,,FF FF FF FF FF 86 BE 01 05 F0 4D A4 06 00 44 03 05 02 02 61,00,44,03 05 02 02
21,14,,FF FF FF FF FF 82 BE 01 05 F0 4D 80 00 05,FF FF FF FF FF 86 BE 01 05 F0 4D 80 1A 00 44 0C 03 0A 01 02 FB FB FB FB 01 02 01 01 04 45 9F 07 2E 00 00 00 00 FA 00 57,,5,82,BE 01 05 F0 4D,80,0,,05,True,True,,5,86,BE 01 05 F0 4D,80,26,00 44 0C 03 0A 01 02 FB FB FB FB 01 02 01 01 04 45 9F 07 2E 00 00 00 00 FA 00,57,True,True,,FF FF FF FF FF 86 BE 01 05 F0 4D 80 1A 00 44 0C 03 0A 01 02 FB FB FB FB 01 02 01 01 04 45 9F 07 2E 00 00 00 00 FA 00 57,00,44,0C 03 0A 01 02 FB FB FB FB 01 02 01 01 04 45 9F 07 2E 00 00 00 00 FA 00
22,13,,FF FF FF FF FF 82 BE 01 05 F0 4D 0F 00 8A,FF FF FF FF FF 86 BE 01 05 F0 4D 0F 13 00 44 01 00 04 44 D3 40 00 43 3E 00 00 00 00 00 00 00 3E 48,,5,82,BE 01 05 F0 4D,0F,0,,8A,True,True,,5,86,BE 01 05 F0 4D,0F,19,00 44 01 00 04 44 D3 40 00 43 3E 00 00 00 00 00 00 00 3E,48,True,True,,FF FF FF FF FF 86 BE 01 05 F0 4D 0F 13 00 44 01 00 04 44 D3 40 00 43 3E 00 00 00 00 00 00 00 3E 48,00,44,01 00 04 44 D3 40 00 43 3E 00 00 00 00 00 00 00 3E
23,6,,FF FF FF FF FF 82 BE 01 05 F0 4D 8A 00 0F,FF FF FF FF FF 86 BE 01 05 F0 4D 8A 03 00 44 FF B3,,5,82,BE 01 05 F0 4D,8A,0,,0F,True,True,,5,86,BE 01 05 F0 4D,8A,3,00 44 FF,B3,True,True,,FF FF FF FF FF 86 BE 01 05 F0 4D 8A 03 00 44 FF B3,00,44,FF
24,8,,FF FF FF FF FF 82 BE 01 05 F0 4D B9 00 3C,FF FF FF FF FF 86 BE 01 05 F0 4D B9 08 76 44 FF FB 00 00 00 00 06,,5,82,BE 01 05 F0 4D,B9,0,,3C,True,True,,5,86,BE 01 05 F0 4D,B9,8,76 44 FF FB 00 00 00 00,06,True,True,,FF FF FF FF FF 86 BE 01 05 F0 4D B9 08 76 44 FF FB 00 00 00 00 06,76,44,FF FB 00 00 00 00
25,8,,FF FF FF FF FF 82 BE 01 05 F0 4D A4 00 21,FF FF FF FF FF 86 BE 01 05 F0 4D A4 06 00 44 03 05 02 02 61,,5,82,BE 01 05 F0 4D,A4,0,,21,True,True,,5,86,BE 01 05 F0 4D,A4,6,00 44 03 05 02 02,61,True,True,,FF FF FF FF FF 86 BE 01 05 F0 4D A4 06 00 44 03 05 02 02 61,00,44,03 05 02 02
26,15,,FF FF FF FF FF 82 BE 01 05 F0 4D 80 00 05,FF FF FF FF FF 86 BE 01 05 F0 4D 80 1A 00 44 0C 03 0A 01 02 FB FB FB FB 01 02 01 01 04 45 9F 07 2E 00 00 00 00 FA 00 57,,5,82,BE 01 05 F0 4D,80,0,,05,True,True,,5,86,BE 01 05 F0 4D,80,26,00 44 0C 03 0A 01 02 FB FB FB FB 01 02 01 01 04 45 9F 07 2E 00 00 00 00 FA 00,57,True,True,,FF FF FF FF FF 86 BE 01 05 F0 4D 80 1A 00 44 0C 03 0A 01 02 FB FB FB FB 01 02 01 01 04 45 9F 07 2E 00 00 00 00 FA 00 57,00,44,0C 03 0A 01 02 FB FB FB FB 01 02 01 01 04 45 9F 07 2E 00 00 00 00 FA 00
27,11,,FF FF FF FF FF 82 BE 01 05 F0 4D 0F 00 8A,FF FF FF FF FF 86 BE 01 05 F0 4D 0F 13 00 44 01 00 04 44 D3 40 00 43 3E 00 00 00 00 00 00 00 3E 48,,5,82,BE 01 05 F0 4D,0F,0,,8A,True,True,,5,86,BE 01 05 F0 4D,0F,19,00 44 01 00 04 44 D3 40 00 43 3E 00 00 00 00 00 00 00 3E,48,True,True,,FF FF FF FF FF 86 BE 01 05 F0 4D 0F 13 00 44 01 00 04 44 D3 40 00 43 3E 00 00 00 00 00 00 00 3E 48,00,44,01 00 04 44 D3 40 00 43 3E 00 00 00 00 00 00 00 3E
28,7,,FF FF FF FF FF 82 BE 01 05 F0 4D 8A 00 0F,FF FF FF FF FF 86 BE 01 05 F0 4D 8A 03 00 44 FF B3,,5,82,BE 01 05 F0 4D,8A,0,,0F,True,True,,5,86,BE 01 05 F0 4D,8A,3,00 44 FF,B3,True,True,,FF FF FF FF FF 86 BE 01 05 F0 4D 8A 03 00 44 FF B3,00,44,FF
29,8,,FF FF FF FF FF 82 BE 01 05 F0 4D B9 00 3C,FF FF FF FF FF 86 BE 01 05 F0 4D B9 08 76 44 FF FB 00 00 00 00 06,,5,82,BE 01 05 F0 4D,B9,0,,3C,True,True,,5,86,BE 01 05 F0 4D,B9,8,76 44 FF FB 00 00 00 00,06,True,True,,FF FF FF FF FF 86 BE 01 05 F0 4D B9 08 76 44 FF FB 00 00 00 00 06,76,44,FF FB 00 00 00 00
30,7,,FF FF FF FF FF 82 BE 01 05 F0 4D A4 00 21,FF FF FF FF FF 86 BE 01 05 F0 4D A4 06 00 44 03 05 02 02 61,,5,82,BE 01 05 F0 4D,A4,0,,21,True,True,,5,86,BE 01 05 F0 4D,A4,6,00 44 03 05 02 02,61,True,True,,FF FF FF FF FF 86 BE 01 05 F0 4D A4 06 00 44 03 05 02 02 61,00,44,03 05 02 02
31,13,,FF FF FF FF FF 82 BE 01 05 F0 4D 80 00 05,FF FF FF FF FF 86 BE 01 05 F0 4D 80 1A 00 44 0C 03 0A 01 02 FB FB FB FB 01 02 01 01 04 45 9F 07 2E 00 00 00 00 FA 00 57,,5,82,BE 01 05 F0 4D,80,0,,05,True,True,,5,86,BE 01 05 F0 4D,80,26,00 44 0C 03 0A 01 02 FB FB FB FB 01 02 01 01 04 45 9F 07 2E 00 00 00 00 FA 00,57,True,True,,FF FF FF FF FF 86 BE 01 05 F0 4D 80 1A 00 44 0C 03 0A 01 02 FB FB FB FB 01 02 01 01 04 45 9F 07 2E 00 00 00 00 FA 00 57,00,44,0C 03 0A 01 02 FB FB FB FB 01 02 01 01 04 45 9F 07 2E 00 00 00 00 FA 00
32,12,,FF FF FF FF FF 82 BE 01 05 F0 4D 0F 00 8A,FF FF FF FF FF 86 BE 01 05 F0 4D 0F 13 00 44 01 00 04 44 D3 40 00 43 3E 00 00 00 00 00 00 00 3E 48,,5,82,BE 01 05 F0 4D,0F,0,,8A,True,True,,5,86,BE 01 05 F0 4D,0F,19,00 44 01 00 04 44 D3 40 00 43 3E 00 00 00 00 00 00 00 3E,48,True,True,,FF FF FF FF FF 86 BE 01 05 F0 4D 0F 13 00 44 01 00 04 44 D3 40 00 43 3E 00 00 00 00 00 00 00 3E 48,00,44,01 00 04 44 D3 40 00 43 3E 00 00 00 00 00 00 00 3E
33,6,,FF FF FF FF FF 82 BE 01 05 F0 4D 8A 00 0F,FF FF FF FF FF 86 BE 01 05 F0 4D 8A 03 00 44 FF B3,,5,82,BE 01 05 F0 4D,8A,0,,0F,True,True,,5,86,BE 01 05 F0 4D,8A,3,00 44 FF,B3,True,True,,FF FF FF FF FF 86 BE 01 05 F0 4D 8A 03 00 44 FF B3,00,44,FF
34,8,,FF FF FF FF FF 82 BE 01 05 F0 4D B9 00 3C,FF FF FF FF FF 86 BE 01 05 F0 4D B9 08 76 44 FF FB 00 00 00 00 06,,5,82,BE 01 05 F0 4D,B9,0,,3C,True,True,,5,86,BE 01 05 F0 4D,B9,8,76 44 FF FB 00 00 00 00,06,True,True,,FF FF FF FF FF 86 BE 01 05 F0 4D B9 08 76 44 FF FB 00 00 00 00 06,76,44,FF FB 00 00 00 00
35,7,,FF FF FF FF FF 82 BE 01 05 F0 4D A4 00 21,FF FF FF FF FF 86 BE 01 05 F0 4D A4 06 00 44 03 05 02 02 61,,5,82,BE 01 05 F0 4D,A4,0,,21,True,True,,5,86,BE 01 05 F0 4D,A4,6,00 44 03 05 02 02,61,True,True,,FF FF FF FF FF 86 BE 01 05 F0 4D A4 06 00 44 03 05 02 02 61,00,44,03 05 02 02
36,15,,FF FF FF FF FF 82 BE 01 05 F0 4D 80 00 05,FF FF FF FF FF 86 BE 01 05 F0 4D 80 1A 00 44 0C 03 0A 01 02 FB FB FB FB 01 02 01 01 04 45 9F 07 2E 00 00 00 00 FA 00 57,,5,82,BE 01 05 F0 4D,80,0,,05,True,True,,5,86,BE 01 05 F0 4D,80,26,00 44 0C 03 0A 01 02 FB FB FB FB 01 02 01 01 04 45 9F 07 2E 00 00 00 00 FA 00,57,True,True,,FF FF FF FF FF 86 BE 01 05 F0 4D 80 1A 00 44 0C 03 0A 01 02 FB FB FB FB 01 02 01 01 04 45 9F 07 2E 00 00 00 00 FA 00 57,00,44,0C 03 0A 01 02 FB FB FB FB 01 02 01 01 04 45 9F 07 2E 00 00 00 00 FA 00
37,12,,FF FF FF FF FF 82 BE 01 05 F0 4D 0F 00 8A,FF FF FF FF FF 86 BE 01 05 F0 4D 0F 13 00 44 01 00 04 44 D3 40 00 43 3E 00 00 00 00 00 00 00 3E 48,,5,82,BE 01 05 F0 4D,0F,0,,8A,True,True,,5,86,BE 01 05 F0 4D,0F,19,00 44 01 00 04 44 D3 40 00 43 3E 00 00 00 00 00 00 00 3E,48,True,True,,FF FF FF FF FF 86 BE 01 05 F0 4D 0F 13 00 44 01 00 04 44 D3 40 00 43 3E 00 00 00 00 00 00 00 3E 48,00,44,01 00 04 44 D3 40 00 43 3E 00 00 00 00 00 00 00 3E
38,6,,FF FF FF FF FF 82 BE 01 05 F0 4D 8A 00 0F,FF FF FF FF FF 86 BE 01 05 F0 4D 8A 03 00 44 FF B3,,5,82,BE 01 05 F0 4D,8A,0,,0F,True,True,,5,86,BE 01 05 F0 4D,8A,3,00 44 FF,B3,True,True,,FF FF FF FF FF 86 BE 01 05 F0 4D 8A 03 00 44 FF B3,00,44,FF
39,8,,FF FF FF FF FF 82 BE 01 05 F0 4D B9 00 3C,FF FF FF FF FF 86 BE 01 05 F0 4D B9 08 76 44 FF FB 00 00 00 00 06,,5,82,BE 01 05 F0 4D,B9,0,,3C,True,True,,5,86,BE 01 05 F0 4D,B9,8,76 44 FF FB 00 00 00 00,06,True,True,,FF FF FF FF FF 86 BE 01 05 F0 4D B9 08 76 44 FF FB 00 00 00 00 06,76,44,FF FB 00 00 00 00
40,11,,FF FF FF FF FF 82 BE 01 05 F0 4D 00 00 85,FF FF FF FF FF 86 BE 01 05 F0 4D 00 0E 00 44 FE 3E 01 05 05 05 72 20 06 05 F0 4D E3,,5,82,BE 01 05 F0 4D,00,0,,85,True,True,,5,86,BE 01 05 F0 4D,00,14,00 44 FE 3E 01 05 05 05 72 20 06 05 F0 4D,E3,True,True,,FF FF FF FF FF 86 BE 01 05 F0 4D 00 0E 00 44 FE 3E 01 05 05 05 72 20 06 05 F0 4D E3,00,44,FE 3E 01 05 05 05 72 20 06 05 F0 4D
41,5,,FF FF FF FF FF 82 BE 01 05 F0 4D 14 00 91,FF FF 86 BE 01 05 F0 4D 14 02 40 44 93,,5,82,BE 01 05 F0 4D,14,0,,91,True,True,,2,86,BE 01 05 F0 4D,14,2,40 44,93,True,True,,FF FF 86 BE 01 05 F0 4D 14 02 40 44 93,40,44,
42,14,,FF FF FF FF FF 82 BE 01 05 F0 4D 0D 00 88,FF FF FF FF FF 86 BE 01 05 F0 4D 0D 17 00 44 31 4C 70 C2 08 20 34 51 09 10 F4 A0 10 58 0E 25 61 4C 08 03 51 04,,5,82,BE 01 05 F0 4D,0D,0,,88,True,True,,5,86,BE 01 05 F0 4D,0D,23,00 44 31 4C 70 C2 08 20 34 51 09 10 F4 A0 10 58 0E 25 61 4C 08 03 51,04,True,True,,FF FF FF FF FF 86 BE 01 05 F0 4D 0D 17 00 44 31 4C 70 C2 08 20 34 51 09 10 F4 A0 10 58 0E 25 61 4C 08 03 51 04,00,44,31 4C 70 C2 08 20 34 51 09 10 F4 A0 10 58 0E 25 61 4C 08 03 51
43,14,,FF FF FF FF FF 82 BE 01 05 F0 4D 0C 00 89,FF FF FF FF FF 86 BE 01 05 F0 4D 0C 1A 00 44 51 20 4E 4C D2 53 4C F4 A0 10 58 0E 25 61 4C 82 08 20 82 08 20 82 08 20 DD,,5,82,BE 01 05 F0 4D,0C,0,,89,True,True,,5,86,BE 01 05 F0 4D,0C,26,00 44 51 20 4E 4C D2 53 4C F4 A0 10 58 0E 25 61 4C 82 08 20 82 08 20 82 08 20,DD,True,True,,FF FF FF FF FF 86 BE 01 05 F0 4D 0C 1A 00 44 51 20 4E 4C D2 53 4C F4 A0 10 58 0E 25 61 4C 82 08 20 82 08 20 82 08 20 DD,00,44,51 20 4E 4C D2 53 4C F4 A0 10 58 0E 25 61 4C 82 08 20 82 08 20 82 08 20
44,14,,FF FF FF FF FF 82 BE 01 05 F0 4D AD 00 28,FF FF FF FF FF 86 BE 01 05 F0 4D AD 18 00 44 4C 44 33 30 31 4D 32 31 49 54 44 31 30 30 31 31 2D 49 36 50 30 20 7E,,5,82,BE 01 05 F0 4D,AD,0,,28,True,True,,5,86,BE 01 05 F0 4D,AD,24,00 44 4C 44 33 30 31 4D 32 31 49 54 44 31 30 30 31 31 2D 49 36 50 30 20,7E,True,True,,FF FF FF FF FF 86 BE 01 05 F0 4D AD 18 00 44 4C 44 33 30 31 4D 32 31 49 54 44 31 30 30 31 31 2D 49 36 50 30 20 7E,00,44,4C 44 33 30 31 4D 32 31 49 54 44 31 30 30 31 31 2D 49 36 50 30 20
45,10,,FF FF FF FF FF 82 BE 01 05 F0 4D 00 00 85,FF FF FF FF FF 86 BE 01 05 F0 4D 00 0E 00 44 FE 3E 01 05 05 05 72 20 06 05 F0 4D E3,,5,82,BE 01 05 F0 4D,00,0,,85,True,True,,5,86,BE 01 05 F0 4D,00,14,00 44 FE 3E 01 05 05 05 72 20 06 05 F0 4D,E3,True,True,,FF FF FF FF FF 86 BE 01 05 F0 4D 00 0E 00 44 FE 3E 01 05 05 05 72 20 06 05 F0 4D E3,00,44,FE 3E 01 05 05 05 72 20 06 05 F0 4D
46,12,,FF FF FF FF FF 82 BE 01 05 F0 4D 0E 00 8B,FF FF FF FF FF 86 BE 01 05 F0 4D 0E 12 00 44 09 FA 78 04 45 9F 9D F6 C5 9F 9D F6 41 CC 4F 4F 5B,,5,82,BE 01 05 F0 4D,0E,0,,8B,True,True,,5,86,BE 01 05 F0 4D,0E,18,00 44 09 FA 78 04 45 9F 9D F6 C5 9F 9D F6 41 CC 4F 4F,5B,True,True,,FF FF FF FF FF 86 BE 01 05 F0 4D 0E 12 00 44 09 FA 78 04 45 9F 9D F6 C5 9F 9D F6 41 CC 4F 4F 5B,00,44,09 FA 78 04 45 9F 9D F6 C5 9F 9D F6 41 CC 4F 4F
47,7,,FF FF FF FF FF 82 BE 01 05 F0 4D 10 00 95,FF FF FF FF FF 86 BE 01 05 F0 4D 10 05 00 44 00 D0 E6 E6,,5,82,BE 01 05 F0 4D,10,0,,95,True,True,,5,86,BE 01 05 F0 4D,10,5,00 44 00 D0 E6,E6,True,True,,FF FF FF FF FF 86 BE 01 05 F0 4D 10 05 00 44 00 D0 E6 E6,00,44,00 D0 E6
48,15,,FF FF FF FF FF 82 BE 01 05 F0 4D 80 00 05,FF FF FF FF FF 86 BE 01 05 F0 4D 80 1A 00 44 0C 03 0A 01 02 FB FB FB FB 01 02 01 01 04 45 9F 07 2E 00 00 00 00 FA 00 57,,5,82,BE 01 05 F0 4D,80,0,,05,True,True,,5,86,BE 01 05 F0 4D,80,26,00 44 0C 03 0A 01 02 FB FB FB FB 01 02 01 01 04 45 9F 07 2E 00 00 00 00 FA 00,57,True,True,,FF FF FF FF FF 86 BE 01 05 F0 4D 80 1A 00 44 0C 03 0A 01 02 FB FB FB FB 01 02 01 01 04 45 9F 07 2E 00 00 00 00 FA 00 57,00,44,0C 03 0A 01 02 FB FB FB FB 01 02 01 01 04 45 9F 07 2E 00 00 00 00 FA 00
49,12,,FF FF FF FF FF 82 BE 01 05 F0 4D 0E 00 8B,FF FF FF FF FF 86 BE 01 05 F0 4D 0E 12 00 44 09 FA 78 04 45 9F 9D F6 C5 9F 9D F6 41 CC 4F 4F 5B,,5,82,BE 01 05 F0 4D,0E,0,,8B,True,True,,5,86,BE 01 05 F0 4D,0E,18,00 44 09 FA 78 04 45 9F 9D F6 C5 9F 9D F6 41 CC 4F 4F,5B,True,True,,FF FF FF FF FF 86 BE 01 05 F0 4D 0E 12 00 44 09 FA 78 04 45 9F 9D F6 C5 9F 9D F6 41 CC 4F 4F 5B,00,44,09 FA 78 04 45 9F 9D F6 C5 9F 9D F6 41 CC 4F 4F
50,15,,FF FF FF FF FF 82 BE 01 05 F0 4D 80 00 05,FF FF FF FF FF 86 BE 01 05 F0 4D 80 1A 00 44 0C 03 0A 01 02 FB FB FB FB 01 02 01 01 04 45 9F 07 2E 00 00 00 00 FA 00 57,,5,82,BE 01 05 F0 4D,80,0,,05,True,True,,5,86,BE 01 05 F0 4D,80,26,00 44 0C 03 0A 01 02 FB FB FB FB 01 02 01 01 04 45 9F 07 2E 00 00 00 00 FA 00,57,True,True,,FF FF FF FF FF 86 BE 01 05 F0 4D 80 1A 00 44 0C 03 0A 01 02 FB FB FB FB 01 02 01 01 04 45 9F 07 2E 00 00 00 00 FA 00 57,00,44,0C 03 0A 01 02 FB FB FB FB 01 02 01 01 04 45 9F 07 2E 00 00 00 00 FA 00
51,13,,FF FF FF FF FF 82 BE 01 05 F0 4D 0F 00 8A,FF FF FF FF FF 86 BE 01 05 F0 4D 0F 13 00 44 01 00 04 44 D3 40 00 43 3E 00 00 00 00 00 00 00 3E 48,,5,82,BE 01 05 F0 4D,0F,0,,8A,True,True,,5,86,BE 01 05 F0 4D,0F,19,00 44 01 00 04 44 D3 40 00 43 3E 00 00 00 00 00 00 00 3E,48,True,True,,FF FF FF FF FF 86 BE 01 05 F0 4D 0F 13 00 44 01 00 04 44 D3 40 00 43 3E 00 00 00 00 00 00 00 3E 48,00,44,01 00 04 44 D3 40 00 43 3E 00 00 00 00 00 00 00 3E
52,7,,FF FF FF FF FF 82 BE 01 05 F0 4D 8A 00 0F,FF FF FF FF FF 86 BE 01 05 F0 4D 8A 03 00 44 FF B3,,5,82,BE 01 05 F0 4D,8A,0,,0F,True,True,,5,86,BE 01 05 F0 4D,8A,3,00 44 FF,B3,True,True,,FF FF FF FF FF 86 BE 01 05 F0 4D 8A 03 00 44 FF B3,00,44,FF
53,8,,FF FF FF FF FF 82 BE 01 05 F0 4D B9 00 3C,FF FF FF FF FF 86 BE 01 05 F0 4D B9 08 76 44 FF FB 00 00 00 00 06,,5,82,BE 01 05 F0 4D,B9,0,,3C,True,True,,5,86,BE 01 05 F0 4D,B9,8,76 44 FF FB 00 00 00 00,06,True,True,,FF FF FF FF FF 86 BE 01 05 F0 4D B9 08 76 44 FF FB 00 00 00 00 06,76,44,FF FB 00 00 00 00
54,8,,FF FF FF FF FF 82 BE 01 05 F0 4D 9C 00 19,FF FF FF FF FF 86 BE 01 05 F0 4D 9C 07 71 44 00 40 C0 00 00 AF,,5,82,BE 01 05 F0 4D,9C,0,,19,True,True,,5,86,BE 01 05 F0 4D,9C,7,71 44 00 40 C0 00 00,AF,True,True,,FF FF FF FF FF 86 BE 01 05 F0 4D 9C 07 71 44 00 40 C0 00 00 AF,71,44,00 40 C0 00 00
55,12,,FF FF FF FF FF 82 BE 01 05 F0 4D 0F 00 8A,FF FF FF FF FF 86 BE 01 05 F0 4D 0F 13 00 44 01 00 04 44 D3 40 00 43 3E 00 00 00 00 00 00 00 3E 48,,5,82,BE 01 05 F0 4D,0F,0,,8A,True,True,,5,86,BE 01 05 F0 4D,0F,19,00 44 01 00 04 44 D3 40 00 43 3E 00 00 00 00 00 00 00 3E,48,True,True,,FF FF FF FF FF 86 BE 01 05 F0 4D 0F 13 00 44 01 00 04 44 D3 40 00 43 3E 00 00 00 00 00 00 00 3E 48,00,44,01 00 04 44 D3 40 00 43 3E 00 00 00 00 00 00 00 3E
56,12,,FF FF FF FF FF 82 BE 01 05 F0 4D 0E 00 8B,FF FF FF FF FF 86 BE 01 05 F0 4D 0E 12 00 44 09 FA 78 04 45 9F 9D F6 C5 9F 9D F6 41 CC 4F 4F 5B,,5,82,BE 01 05 F0 4D,0E,0,,8B,True,True,,5,86,BE 01 05 F0 4D,0E,18,00 44 09 FA 78 04 45 9F 9D F6 C5 9F 9D F6 41 CC 4F 4F,5B,True,True,,FF FF FF FF FF 86 BE 01 05 F0 4D 0E 12 00 44 09 FA 78 04 45 9F 9D F6 C5 9F 9D F6 41 CC 4F 4F 5B,00,44,09 FA 78 04 45 9F 9D F6 C5 9F 9D F6 41 CC 4F 4F
57,10,,FF FF FF FF FF 82 BE 01 05 F0 4D B2 00 37,FF FF FF FF FF 86 BE 01 05 F0 4D B2 0B 00 44 00 44 48 00 00 43 73 00 00 40,,5,82,BE 01 05 F0 4D,B2,0,,37,True,True,,5,86,BE 01 05 F0 4D,B2,11,00 44 00 44 48 00 00 43 73 00 00,40,True,True,,FF FF FF FF FF 86 BE 01 05 F0 4D B2 0B 00 44 00 44 48 00 00 43 73 00 00 40,00,44,00 44 48 00 00 43 73 00 00
58,8,,FF FF FF FF FF 82 BE 01 05 F0 4D B0 00 35,FF FF FF FF FF 86 BE 01 05 F0 4D B0 08 00 44 31 6D 6D 00 00 00 4C,,5,82,BE 01 05 F0 4D,B0,0,,35,True,True,,5,86,BE 01 05 F0 4D,B0,8,00 44 31 6D 6D 00 00 00,4C,True,True,,FF FF FF FF FF 86 BE 01 05 F0 4D B0 08 00 44 31 6D 6D 00 00 00 4C,00,44,31 6D 6D 00 00 00
59,7,,FF FF FF FF FF 82 BE 01 05 F0 4D A4 00 21,FF FF FF FF FF 86 BE 01 05 F0 4D A4 06 00 44 03 05 02 02 61,,5,82,BE 01 05 F0 4D,A4,0,,21,True,True,,5,86,BE 01 05 F0 4D,A4,6,00 44 03 05 02 02,61,True,True,,FF FF FF FF FF 86 BE 01 05 F0 4D A4 06 00 44 03 05 02 02 61,00,44,03 05 02 02
60,14,,FF FF FF FF FF 82 BE 01 05 F0 4D 80 00 05,FF FF FF FF FF 86 BE 01 05 F0 4D 80 1A 00 44 0C 03 0A 01 02 FB FB FB FB 01 02 01 01 04 45 9F 07 2E 00 00 00 00 FA 00 57,,5,82,BE 01 05 F0 4D,80,0,,05,True,True,,5,86,BE 01 05 F0 4D,80,26,00 44 0C 03 0A 01 02 FB FB FB FB 01 02 01 01 04 45 9F 07 2E 00 00 00 00 FA 00,57,True,True,,FF FF FF FF FF 86 BE 01 05 F0 4D 80 1A 00 44 0C 03 0A 01 02 FB FB FB FB 01 02 01 01 04 45 9F 07 2E 00 00 00 00 FA 00 57,00,44,0C 03 0A 01 02 FB FB FB FB 01 02 01 01 04 45 9F 07 2E 00 00 00 00 FA 00
61,12,,FF FF FF FF FF 82 BE 01 05 F0 4D 85 01 00 01,FF FF FF FF FF 86 BE 01 05 F0 4D 85 14 00 44 00 06 00 00 00 00 42 C8 00 00 42 C8 00 00 42 C8 00 00 D8,,5,82,BE 01 05 F0 4D,85,1,00,01,True,True,,5,86,BE 01 05 F0 4D,85,20,00 44 00 06 00 00 00 00 42 C8 00 00 42 C8 00 00 42 C8 00 00,D8,True,True,,FF FF FF FF FF 86 BE 01 05 F0 4D 85 14 00 44 00 06 00 00 00 00 42 C8 00 00 42 C8 00 00 42 C8 00 00 D8,00,44,00 06 00 00 00 00 42 C8 00 00 42 C8 00 00 42 C8 00 00
62,13,,FF FF FF FF FF 82 BE 01 05 F0 4D 85 01 00 01,FF FF FF FF FF 86 BE 01 05 F0 4D 85 14 00 44 00 06 00 00 00 00 42 C8 00 00 42 C8 00 00 42 C8 00 00 D8,,5,82,BE 01 05 F0 4D,85,1,00,01,True,True,,5,86,BE 01 05 F0 4D,85,20,00 44 00 06 00 00 00 00 42 C8 00 00 42 C8 00 00 42 C8 00 00,D8,True,True,,FF FF FF FF FF 86 BE 01 05 F0 4D 85 14 00 44 00 06 00 00 00 00 42 C8 00 00 42 C8 00 00 42 C8 00 00 D8,00,44,00 06 00 00 00 00 42 C8 00 00 42 C8 00 00 42 C8 00 00
63,13,,FF FF FF FF FF 82 BE 01 05 F0 4D 85 01 04 05,FF FF FF FF FF 86 BE 01 05 F0 4D 85 14 00 44 04 06 42 C8 00 00 42 C8 00 00 00 00 00 00 00 00 00 00 56,,5,82,BE 01 05 F0 4D,85,1,04,05,True,True,,5,86,BE 01 05 F0 4D,85,20,00 44 04 06 42 C8 00 00 42 C8 00 00 00 00 00 00 00 00 00 00,56,True,True,,FF FF FF FF FF 86 BE 01 05 F0 4D 85 14 00 44 04 06 42 C8 00 00 42 C8 00 00 00 00 00 00 00 00 00 00 56,00,44,04 06 42 C8 00 00 42 C8 00 00 00 00 00 00 00 00 00 00
64,12,,FF FF FF FF FF 82 BE 01 05 F0 4D 85 01 08 09,FF FF FF FF FF 86 BE 01 05 F0 4D 85 14 00 44 08 06 00 00 00 00 00 00 00 00 00 00 00 00 00 00 00 00 5A,,5,82,BE 01 05 F0 4D,85,1,08,09,True,True,,5,86,BE 01 05 F0 4D,85,20,00 44 08 06 00 00 00 00 00 00 00 00 00 00 00 00 00 00 00 00,5A,True,True,,FF FF FF FF FF 86 BE 01 05 F0 4D 85 14 00 44 08 06 00 00 00 00 00 00 00 00 00 00 00 00 00 00 00 00 5A,00,44,08 06 00 00 00 00 00 00 00 00 00 00 00 00 00 00 00 00
65,13,,FF FF FF FF FF 82 BE 01 05 F0 4D 85 01 0C 0D,FF FF FF FF FF 86 BE 01 05 F0 4D 85 14 00 44 0C 06 00 00 00 00 00 00 00 00 00 00 00 00 00 00 00 00 5E,,5,82,BE 01 05 F0 4D,85,1,0C,0D,True,True,,5,86,BE 01 05 F0 4D,85,20,00 44 0C 06 00 00 00 00 00 00 00 00 00 00 00 00 00 00 00 00,5E,True,True,,FF FF FF FF FF 86 BE 01 05 F0 4D 85 14 00 44 0C 06 00 00 00 00 00 00 00 00 00 00 00 00 00 00 00 00 5E,00,44,0C 06 00 00 00 00 00 00 00 00 00 00 00 00 00 00 00 00
66,12,,FF FF FF FF FF 82 BE 01 05 F0 4D 85 01 10 11,FF FF FF FF FF 86 BE 01 05 F0 4D 85 14 00 44 10 06 00 00 00 00 42 C8 00 00 42 C8 00 00 42 C8 00 00 C8,,5,82,BE 01 05 F0 4D,85,1,10,11,True,True,,5,86,BE 01 05 F0 4D,85,20,00 44 10 06 00 00 00 00 42 C8 00 00 42 C8 00 00 42 C8 00 00,C8,True,True,,FF FF FF FF FF 86 BE 01 05 F0 4D 85 14 00 44 10 06 00 00 00 00 42 C8 00 00 42 C8 00 00 42 C8 00 00 C8,00,44,10 06 00 00 00 00 42 C8 00 00 42 C8 00 00 42 C8 00 00
67,12,,FF FF FF FF FF 82 BE 01 05 F0 4D 85 01 14 15,FF FF FF FF FF 86 BE 01 05 F0 4D 85 14 00 44 14 06 42 C8 00 00 42 C8 00 00 00 00 00 00 00 00 00 00 46,,5,82,BE 01 05 F0 4D,85,1,14,15,True,True,,5,86,BE 01 05 F0 4D,85,20,00 44 14 06 42 C8 00 00 42 C8 00 00 00 00 00 00 00 00 00 00,46,True,True,,FF FF FF FF FF 86 BE 01 05 F0 4D 85 14 00 44 14 06 42 C8 00 00 42 C8 00 00 00 00 00 00 00 00 00 00 46,00,44,14 06 42 C8 00 00 42 C8 00 00 00 00 00 00 00 00 00 00
68,13,,FF FF FF FF FF 82 BE 01 05 F0 4D 85 01 18 19,FF FF FF FF FF 86 BE 01 05 F0 4D 85 14 00 44 18 06 00 00 00 00 00 00 00 00 00 00 00 00 00 00 00 00 4A,,5,82,BE 01 05 F0 4D,85,1,18,19,True,True,,5,86,BE 01 05 F0 4D,85,20,00 44 18 06 00 00 00 00 00 00 00 00 00 00 00 00 00 00 00 00,4A,True,True,,FF FF FF FF FF 86 BE 01 05 F0 4D 85 14 00 44 18 06 00 00 00 00 00 00 00 00 00 00 00 00 00 00 00 00 4A,00,44,18 06 00 00 00 00 00 00 00 00 00 00 00 00 00 00 00 00
69,13,,FF FF FF FF FF 82 BE 01 05 F0 4D 85 01 1C 1D,FF FF FF FF FF 86 BE 01 05 F0 4D 85 14 00 44 1C 06 00 00 00 00 00 00 00 00 00 00 00 00 00 00 00 00 4E,,5,82,BE 01 05 F0 4D,85,1,1C,1D,True,True,,5,86,BE 01 05 F0 4D,85,20,00 44 1C 06 00 00 00 00 00 00 00 00 00 00 00 00 00 00 00 00,4E,True,True,,FF FF FF FF FF 86 BE 01 05 F0 4D 85 14 00 44 1C 06 00 00 00 00 00 00 00 00 00 00 00 00 00 00 00 00 4E,00,44,1C 06 00 00 00 00 00 00 00 00 00 00 00 00 00 00 00 00
70,7,,FF FF FF FF FF 82 BE 01 05 F0 4D 88 00 0D,FF FF FF FF FF 86 BE 01 05 F0 4D 88 05 70 44 17 00 00 2F,,5,82,BE 01 05 F0 4D,88,0,,0D,True,True,,5,86,BE 01 05 F0 4D,88,5,70 44 17 00 00,2F,True,True,,FF FF FF FF FF 86 BE 01 05 F0 4D 88 05 70 44 17 00 00 2F,70,44,17 00 00
71,14,,FF FF FF FF FF 82 BE 01 05 F0 4D 8C 00 09,FF FF FF FF FF 86 BE 01 05 F0 4D 8C 18 70 44 39 C1 4A AA AA 39 42 48 00 00 39 BF A0 00 00 FF 00 39 00 00 00 00 40,,5,82,BE 01 05 F0 4D,8C,0,,09,True,True,,5,86,BE 01 05 F0 4D,8C,24,70 44 39 C1 4A AA AA 39 42 48 00 00 39 BF A0 00 00 FF 00 39 00 00 00 00,40,True,True,,FF FF FF FF FF 86 BE 01 05 F0 4D 8C 18 70 44 39 C1 4A AA AA 39 42 48 00 00 39 BF A0 00 00 FF 00 39 00 00 00 00 40,70,44,39 C1 4A AA AA 39 42 48 00 00 39 BF A0 00 00 FF 00 39 00 00 00 00
72,13,,FF FF FF FF FF 82 BE 01 05 F0 4D 8E 00 0B,FF FF FF FF FF 86 BE 01 05 F0 4D 8E 16 70 44 3F 80 00 00 3C 23 D7 0A 00 00 00 00 00 00 00 00 3D CC CC CD A0,,5,82,BE 01 05 F0 4D,8E,0,,0B,True,True,,5,86,BE 01 05 F0 4D,8E,22,70 44 3F 80 00 00 3C 23 D7 0A 00 00 00 00 00 00 00 00 3D CC CC CD,A0,True,True,,FF FF FF FF FF 86 BE 01 05 F0 4D 8E 16 70 44 3F 80 00 00 3C 23 D7 0A 00 00 00 00 00 00 00 00 3D CC CC CD A0,70,44,3F 80 00 00 3C 23 D7 0A 00 00 00 00 00 00 00 00 3D CC CC CD
73,13,,FF FF FF FF FF 82 BE 01 05 F0 4D 8C 00 09,FF FF FF FF FF 86 BE 01 05 F0 4D 8C 18 70 44 39 C1 4A AA AA 39 42 48 00 00 39 BF A0 00 00 FF 00 39 00 00 00 00 40,,5,82,BE 01 05 F0 4D,8C,0,,09,True,True,,5,86,BE 01 05 F0 4D,8C,24,70 44 39 C1 4A AA AA 39 42 48 00 00 39 BF A0 00 00 FF 00 39 00 00 00 00,40,True,True,,FF FF FF FF FF 86 BE 01 05 F0 4D 8C 18 70 44 39 C1 4A AA AA 39 42 48 00 00 39 BF A0 00 00 FF 00 39 00 00 00 00 40,70,44,39 C1 4A AA AA 39 42 48 00 00 39 BF A0 00 00 FF 00 39 00 00 00 00
74,8,,FF FF FF FF FF 82 BE 01 05 F0 4D BD 00 38,FF FF FF FF FF 86 BE 01 05 F0 4D BD 08 76 44 FB 00 00 00 00 00 FD,,5,82,BE 01 05 F0 4D,BD,0,,38,True,True,,5,86,BE 01 05 F0 4D,BD,8,76 44 FB 00 00 00 00 00,FD,True,True,,FF FF FF FF FF 86 BE 01 05 F0 4D BD 08 76 44 FB 00 00 00 00 00 FD,76,44,FB 00 00 00 00 00
75,8,,FF FF FF FF FF 82 BE 01 05 F0 4D B9 00 3C,FF FF FF FF FF 86 BE 01 05 F0 4D B9 08 76 44 FF FB 00 00 00 00 06,,5,82,BE 01 05 F0 4D,B9,0,,3C,True,True,,5,86,BE 01 05 F0 4D,B9,8,76 44 FF FB 00 00 00 00,06,True,True,,FF FF FF FF FF 86 BE 01 05 F0 4D B9 08 76 44 FF FB 00 00 00 00 06,76,44,FF FB 00 00 00 00
76,9,,FF FF FF FF FF 82 BE 01 05 F0 4D BA 00 3F,FF FF FF FF FF 86 BE 01 05 F0 4D BA 0A 76 44 42 C8 00 00 3F 80 00 00 36,,5,82,BE 01 05 F0 4D,BA,0,,3F,True,True,,5,86,BE 01 05 F0 4D,BA,10,76 44 42 C8 00 00 3F 80 00 00,36,True,True,,FF FF FF FF FF 86 BE 01 05 F0 4D BA 0A 76 44 42 C8 00 00 3F 80 00 00 36,76,44,42 C8 00 00 3F 80 00 00
77,8,,FF FF FF FF FF 82 BE 01 05 F0 4D BD 00 38,FF FF FF FF FF 86 BE 01 05 F0 4D BD 08 76 44 FB 00 00 00 00 00 FD,,5,82,BE 01 05 F0 4D,BD,0,,38,True,True,,5,86,BE 01 05 F0 4D,BD,8,76 44 FB 00 00 00 00 00,FD,True,True,,FF FF FF FF FF 86 BE 01 05 F0 4D BD 08 76 44 FB 00 00 00 00 00 FD,76,44,FB 00 00 00 00 00
78,8,,FF FF FF FF FF 82 BE 01 05 F0 4D B9 00 3C,FF FF FF FF FF 86 BE 01 05 F0 4D B9 08 76 44 FF FB 00 00 00 00 06,,5,82,BE 01 05 F0 4D,B9,0,,3C,True,True,,5,86,BE 01 05 F0 4D,B9,8,76 44 FF FB 00 00 00 00,06,True,True,,FF FF FF FF FF 86 BE 01 05 F0 4D B9 08 76 44 FF FB 00 00 00 00 06,76,44,FF FB 00 00 00 00
79,8,,FF FF FF FF FF 82 BE 01 05 F0 4D B9 00 3C,FF FF FF FF FF 86 BE 01 05 F0 4D B9 08 76 44 FF FB 00 00 00 00 06,,5,82,BE 01 05 F0 4D,B9,0,,3C,True,True,,5,86,BE 01 05 F0 4D,B9,8,76 44 FF FB 00 00 00 00,06,True,True,,FF FF FF FF FF 86 BE 01 05 F0 4D B9 08 76 44 FF FB 00 00 00 00 06,76,44,FF FB 00 00 00 00
80,8,,FF FF FF FF FF 82 BE 01 05 F0 4D B9 00 3C,FF FF FF FF FF 86 BE 01 05 F0 4D B9 08 76 44 FF FB 00 00 00 00 06,,5,82,BE 01 05 F0 4D,B9,0,,3C,True,True,,5,86,BE 01 05 F0 4D,B9,8,76 44 FF FB 00 00 00 00,06,True,True,,FF FF FF FF FF 86 BE 01 05 F0 4D B9 08 76 44 FF FB 00 00 00 00 06,76,44,FF FB 00 00 00 00
81,9,,FF FF FF FF FF 82 BE 01 05 F0 4D B9 00 3C,FF FF FF FF FF 86 BE 01 05 F0 4D B9 08 76 44 FF FB 00 00 00 00 06,,5,82,BE 01 05 F0 4D,B9,0,,3C,True,True,,5,86,BE 01 05 F0 4D,B9,8,76 44 FF FB 00 00 00 00,06,True,True,,FF FF FF FF FF 86 BE 01 05 F0 4D B9 08 76 44 FF FB 00 00 00 00 06,76,44,FF FB 00 00 00 00
82,8,,FF FF FF FF FF 82 BE 01 05 F0 4D B9 00 3C,FF FF FF FF FF 86 BE 01 05 F0 4D B9 08 76 44 FF FB 00 00 00 00 06,,5,82,BE 01 05 F0 4D,B9,0,,3C,True,True,,5,86,BE 01 05 F0 4D,B9,8,76 44 FF FB 00 00 00 00,06,True,True,,FF FF FF FF FF 86 BE 01 05 F0 4D B9 08 76 44 FF FB 00 00 00 00 06,76,44,FF FB 00 00 00 00
83,9,,FF FF FF FF FF 82 BE 01 05 F0 4D B9 00 3C,FF FF FF FF FF 86 BE 01 05 F0 4D B9 08 76 44 FF FB 00 00 00 00 06,,5,82,BE 01 05 F0 4D,B9,0,,3C,True,True,,5,86,BE 01 05 F0 4D,B9,8,76 44 FF FB 00 00 00 00,06,True,True,,FF FF FF FF FF 86 BE 01 05 F0 4D B9 08 76 44 FF FB 00 00 00 00 06,76,44,FF FB 00 00 00 00
84,12,,FF FF FF FF FF 82 BE 01 05 F0 4D 21 03 04 05 00 A6,FF FF FF FF FF 86 BE 01 05 F0 4D 21 14 00 44 04 31 43 2C 72 59 05 20 41 E0 9F BE 00 27 40 73 33 33 30,,5,82,BE 01 05 F0 4D,21,3,04 05 00,A6,True,True,,5,86,BE 01 05 F0 4D,21,20,00 44 04 31 43 2C 72 59 05 20 41 E0 9F BE 00 27 40 73 33 33,30,True,True,,FF FF FF FF FF 86 BE 01 05 F0 4D 21 14 00 44 04 31 43 2C 72 59 05 20 41 E0 9F BE 00 27 40 73 33 33 30,00,44,04 31 43 2C 72 59 05 20 41 E0 9F BE 00 27 40 73 33 33
85,11,,FF FF FF FF FF 82 BE 01 05 F0 4D 0E 00 8B,FF FF FF FF FF 86 BE 01 05 F0 4D 0E 12 00 44 09 FA 78 04 45 9F 9D F6 C5 9F 9D F6 41 CC 4F 4F 5B,,5,82,BE 01 05 F0 4D,0E,0,,8B,True,True,,5,86,BE 01 05 F0 4D,0E,18,00 44 09 FA 78 04 45 9F 9D F6 C5 9F 9D F6 41 CC 4F 4F,5B,True,True,,FF FF FF FF FF 86 BE 01 05 F0 4D 0E 12 00 44 09 FA 78 04 45 9F 9D F6 C5 9F 9D F6 41 CC 4F 4F 5B,00,44,09 FA 78 04 45 9F 9D F6 C5 9F 9D F6 41 CC 4F 4F
86,10,,FF FF FF FF FF 82 BE 01 05 F0 4D A0 01 00 24,FF FF FF FF FF 86 BE 01 05 F0 4D A0 0D 00 44 00 0F 05 00 00 00 00 00 00 00 00 62,,5,82,BE 01 05 F0 4D,A0,1,00,24,True,True,,5,86,BE 01 05 F0 4D,A0,13,00 44 00 0F 05 00 00 00 00 00 00 00 00,62,True,True,,FF FF FF FF FF 86 BE 01 05 F0 4D A0 0D 00 44 00 0F 05 00 00 00 00 00 00 00 00 62,00,44,00 0F 05 00 00 00 00 00 00 00 00
87,15,,FF FF FF FF FF 82 BE 01 05 F0 4D 80 00 05,FF FF FF FF FF 86 BE 01 05 F0 4D 80 1A 00 44 0C 03 0A 01 02 FB FB FB FB 01 02 01 01 04 45 9F 07 2E 00 00 00 00 FA 00 57,,5,82,BE 01 05 F0 4D,80,0,,05,True,True,,5,86,BE 01 05 F0 4D,80,26,00 44 0C 03 0A 01 02 FB FB FB FB 01 02 01 01 04 45 9F 07 2E 00 00 00 00 FA 00,57,True,True,,FF FF FF FF FF 86 BE 01 05 F0 4D 80 1A 00 44 0C 03 0A 01 02 FB FB FB FB 01 02 01 01 04 45 9F 07 2E 00 00 00 00 FA 00 57,00,44,0C 03 0A 01 02 FB FB FB FB 01 02 01 01 04 45 9F 07 2E 00 00 00 00 FA 00
88,9,,FF FF FF FF FF 82 BE 01 05 F0 4D 01 00 84,FF FF FF FF FF 86 BE 01 05 F0 4D 01 07 00 44 04 00 00 00 00 C7,,5,82,BE 01 05 F0 4D,01,0,,84,True,True,,5,86,BE 01 05 F0 4D,01,7,00 44 04 00 00 00 00,C7,True,True,,FF FF FF FF FF 86 BE 01 05 F0 4D 01 07 00 44 04 00 00 00 00 C7,00,44,04 00 00 00 00
89,6,,FF FF FF FF FF 82 BE 01 05 F0 4D 2B 01 00 AF,FF FF FF FF FF 86 BE 01 05 F0 4D 2B 02 00 44 EC,,5,82,BE 01 05 F0 4D,2B,1,00,AF,True,True,,5,86,BE 01 05 F0 4D,2B,2,00 44,EC,True,True,,FF FF FF FF FF 86 BE 01 05 F0 4D 2B 02 00 44 EC,00,44,
90,6,,FF FF FF FF FF 82 BE 01 05 F0 4D 2B 01 00 AF,FF FF FF FF FF 86 BE 01 05 F0 4D 2B 02 00 44 EC,,5,82,BE 01 05 F0 4D,2B,1,00,AF,True,True,,5,86,BE 01 05 F0 4D,2B,2,00 44,EC,True,True,,FF FF FF FF FF 86 BE 01 05 F0 4D 2B 02 00 44 EC,00,44,
91,6,,FF FF FF FF FF 82 BE 01 05 F0 4D 2B 01 00 AF,FF FF FF FF FF 86 BE 01 05 F0 4D 2B 02 00 44 EC,,5,82,BE 01 05 F0 4D,2B,1,00,AF,True,True,,5,86,BE 01 05 F0 4D,2B,2,00 44,EC,True,True,,FF FF FF FF FF 86 BE 01 05 F0 4D 2B 02 00 44 EC,00,44,
92,6,,FF FF FF FF FF 82 BE 01 05 F0 4D 2B 01 00 AF,FF FF FF FF FF 86 BE 01 05 F0 4D 2B 02 00 44 EC,,5,82,BE 01 05 F0 4D,2B,1,00,AF,True,True,,5,86,BE 01 05 F0 4D,2B,2,00 44,EC,True,True,,FF FF FF FF FF 86 BE 01 05 F0 4D 2B 02 00 44 EC,00,44,
93,6,,FF FF FF FF FF 82 BE 01 05 F0 4D 2B 01 00 AF,FF FF FF FF FF 86 BE 01 05 F0 4D 2B 02 00 44 EC,,5,82,BE 01 05 F0 4D,2B,1,00,AF,True,True,,5,86,BE 01 05 F0 4D,2B,2,00 44,EC,True,True,,FF FF FF FF FF 86 BE 01 05 F0 4D 2B 02 00 44 EC,00,44,
94,7,,FF FF FF FF FF 82 BE 01 05 F0 4D 01 00 84,FF FF FF FF FF 86 BE 01 05 F0 4D 01 07 00 44 04 00 00 00 00 C7,,5,82,BE 01 05 F0 4D,01,0,,84,True,True,,5,86,BE 01 05 F0 4D,01,7,00 44 04 00 00 00 00,C7,True,True,,FF FF FF FF FF 86 BE 01 05 F0 4D 01 07 00 44 04 00 00 00 00 C7,00,44,04 00 00 00 00
95,8,,FF FF FF FF FF 82 BE 01 05 F0 4D 01 00 84,FF FF FF FF FF 86 BE 01 05 F0 4D 01 07 00 44 04 00 00 00 00 C7,,5,82,BE 01 05 F0 4D,01,0,,84,True,True,,5,86,BE 01 05 F0 4D,01,7,00 44 04 00 00 00 00,C7,True,True,,FF FF FF FF FF 86 BE 01 05 F0 4D 01 07 00 44 04 00 00 00 00 C7,00,44,04 00 00 00 00
96,8,,FF FF FF FF FF 82 BE 01 05 F0 4D 01 00 84,FF FF FF FF FF 86 BE 01 05 F0 4D 01 07 00 44 04 00 00 00 00 C7,,5,82,BE 01 05 F0 4D,01,0,,84,True,True,,5,86,BE 01 05 F0 4D,01,7,00 44 04 00 00 00 00,C7,True,True,,FF FF FF FF FF 86 BE 01 05 F0 4D 01 07 00 44 04 00 00 00 00 C7,00,44,04 00 00 00 00
97,8,,FF FF FF FF FF 82 BE 01 05 F0 4D 21 01 05 A0,FF FF FF FF FF 86 BE 01 05 F0 4D 21 08 00 44 05 20 41 E0 A6 E7 29,,5,82,BE 01 05 F0 4D,21,1,05,A0,True,True,,5,86,BE 01 05 F0 4D,21,8,00 44 05 20 41 E0 A6 E7,29,True,True,,FF FF FF FF FF 86 BE 01 05 F0 4D 21 08 00 44 05 20 41 E0 A6 E7 29,00,44,05 20 41 E0 A6 E7
98,9,,FF FF FF FF FF 82 BE 01 05 F0 4D A0 01 00 24,FF FF FF FF FF 86 BE 01 05 F0 4D A0 0D 00 44 00 0F 05 00 00 00 00 00 00 00 00 62,,5,82,BE 01 05 F0 4D,A0,1,00,24,True,True,,5,86,BE 01 05 F0 4D,A0,13,00 44 00 0F 05 00 00 00 00 00 00 00 00,62,True,True,,FF FF FF FF FF 86 BE 01 05 F0 4D A0 0D 00 44 00 0F 05 00 00 00 00 00 00 00 00 62,00,44,00 0F 05 00 00 00 00 00 00 00 00
99,9,,FF FF FF FF FF 82 BE 01 05 F0 4D A0 01 01 25,FF FF FF FF FF 86 BE 01 05 F0 4D A0 0D 00 44 01 0F 05 44 9F 9D F6 44 9F 9D F6 63,,5,82,BE 01 05 F0 4D,A0,1,01,25,True,True,,5,86,BE 01 05 F0 4D,A0,13,00 44 01 0F 05 44 9F 9D F6 44 9F 9D F6,63,True,True,,FF FF FF FF FF 86 BE 01 05 F0 4D A0 0D 00 44 01 0F 05 44 9F 9D F6 44 9F 9D F6 63,00,44,01 0F 05 44 9F 9D F6 44 9F 9D F6
100,11,,FF FF FF FF FF 82 BE 01 05 F0 4D A0 01 02 26,FF FF FF FF FF 86 BE 01 05 F0 4D A0 0D 00 44 02 0F 05 45 1F 9D F6 45 1F 9D F6 60,,5,82,BE 01 05 F0 4D,A0,1,02,26,True,True,,5,86,BE 01 05 F0 4D,A0,13,00 44 02 0F 05 45 1F 9D F6 45 1F 9D F6,60,True,True,,FF FF FF FF FF 86 BE 01 05 F0 4D A0 0D 00 44 02 0F 05 45 1F 9D F6 45 1F 9D F6 60,00,44,02 0F 05 45 1F 9D F6 45 1F 9D F6
101,10,,FF FF FF FF FF 82 BE 01 05 F0 4D A0 01 03 27,FF FF FF FF FF 86 BE 01 05 F0 4D A0 0D 00 44 03 0F 05 45 6F 6C F1 45 6F 6C F1 61,,5,82,BE 01 05 F0 4D,A0,1,03,27,True,True,,5,86,BE 01 05 F0 4D,A0,13,00 44 03 0F 05 45 6F 6C F1 45 6F 6C F1,61,True,True,,FF FF FF FF FF 86 BE 01 05 F0 4D A0 0D 00 44 03 0F 05 45 6F 6C F1 45 6F 6C F1 61,00,44,03 0F 05 45 6F 6C F1 45 6F 6C F1
102,10,,FF FF FF FF FF 82 BE 01 05 F0 4D A0 01 04 20,FF FF FF FF FF 86 BE 01 05 F0 4D A0 0D 00 44 04 0F 05 45 9F 9D F6 45 9F 9D F6 66,,5,82,BE 01 05 F0 4D,A0,1,04,20,True,True,,5,86,BE 01 05 F0 4D,A0,13,00 44 04 0F 05 45 9F 9D F6 45 9F 9D F6,66,True,True,,FF FF FF FF FF 86 BE 01 05 F0 4D A0 0D 00 44 04 0F 05 45 9F 9D F6 45 9F 9D F6 66,00,44,04 0F 05 45 9F 9D F6 45 9F 9D F6
103,8,,FF FF FF FF FF 82 BE 01 05 F0 4D 01 00 84,FF FF FF FF FF 86 BE 01 05 F0 4D 01 07 00 44 04 00 00 00 00 C7,,5,82,BE 01 05 F0 4D,01,0,,84,True,True,,5,86,BE 01 05 F0 4D,01,7,00 44 04 00 00 00 00,C7,True,True,,FF FF FF FF FF 86 BE 01 05 F0 4D 01 07 00 44 04 00 00 00 00 C7,00,44,04 00 00 00 00
104,7,,FF FF FF FF FF 82 BE 01 05 F0 4D CC 02 01 10 5A,FF FF FF FF FF 86 BE 01 05 F0 4D CC 05 00 44 01 10 00 1D,,5,82,BE 01 05 F0 4D,CC,2,01 10,5A,True,True,,5,86,BE 01 05 F0 4D,CC,5,00 44 01 10 00,1D,True,True,,FF FF FF FF FF 86 BE 01 05 F0 4D CC 05 00 44 01 10 00 1D,00,44,01 10 00
105,7,,FF FF FF FF FF 82 BE 01 05 F0 4D 28 04 40 80 00 00 69,FF FF FF FF FF 86 BE 01 05 F0 4D 28 06 00 4C 40 80 00 00 23,,5,82,BE 01 05 F0 4D,28,4,40 80 00 00,69,True,True,,5,86,BE 01 05 F0 4D,28,6,00 4C 40 80 00 00,23,True,True,,FF FF FF FF FF 86 BE 01 05 F0 4D 28 06 00 4C 40 80 00 00 23,00,4C,40 80 00 00
106,7,,FF FF FF FF FF 82 BE 01 05 F0 4D 28 04 00 00 00 00 A9,FF FF FF FF FF 86 BE 01 05 F0 4D 28 06 00 44 00 00 00 00 EB,,5,82,BE 01 05 F0 4D,28,4,00 00 00 00,A9,True,True,,5,86,BE 01 05 F0 4D,28,6,00 44 00 00 00 00,EB,True,True,,FF FF FF FF FF 86 BE 01 05 F0 4D 28 06 00 44 00 00 00 00 EB,00,44,00 00 00 00
107,8,,FF FF FF FF FF 82 BE 01 05 F0 4D 21 01 00 A5,FF FF FF FF FF 86 BE 01 05 F0 4D 21 08 00 44 00 27 40 73 33 33 F8,,5,82,BE 01 05 F0 4D,21,1,00,A5,True,True,,5,86,BE 01 05 F0 4D,21,8,00 44 00 27 40 73 33 33,F8,True,True,,FF FF FF FF FF 86 BE 01 05 F0 4D 21 08 00 44 00 27 40 73 33 33 F8,00,44,00 27 40 73 33 33
108,7,,FF FF FF FF FF 82 BE 01 05 F0 4D 21 01 00 A5,FF FF FF FF FF 86 BE 01 05 F0 4D 21 08 00 44 00 27 40 73 33 33 F8,,5,82,BE 01 05 F0 4D,21,1,00,A5,True,True,,5,86,BE 01 05 F0 4D,21,8,00 44 00 27 40 73 33 33,F8,True,True,,FF FF FF FF FF 86 BE 01 05 F0 4D 21 08 00 44 00 27 40 73 33 33 F8,00,44,00 27 40 73 33 33
109,11,,FF FF FF FF FF 82 BE 01 05 F0 4D A6 00 23,FF FF FF FF FF 86 BE 01 05 F0 4D A6 10 00 44 3D 07 00 00 13 00 00 08 00 01 00 00 03 08 58,,5,82,BE 01 05 F0 4D,A6,0,,23,True,True,,5,86,BE 01 05 F0 4D,A6,16,00 44 3D 07 00 00 13 00 00 08 00 01 00 00 03 08,58,True,True,,FF FF FF FF FF 86 BE 01 05 F0 4D A6 10 00 44 3D 07 00 00 13 00 00 08 00 01 00 00 03 08 58,00,44,3D 07 00 00 13 00 00 08 00 01 00 00 03 08
110,8,,FF FF FF FF FF 82 BE 01 05 F0 4D 21 01 14 B1,FF FF FF FF FF 86 BE 01 05 F0 4D 21 08 00 44 14 FB C4 C5 DD 4D 92,,5,82,BE 01 05 F0 4D,21,1,14,B1,True,True,,5,86,BE 01 05 F0 4D,21,8,00 44 14 FB C4 C5 DD 4D,92,True,True,,FF FF FF FF FF 86 BE 01 05 F0 4D 21 08 00 44 14 FB C4 C5 DD 4D 92,00,44,14 FB C4 C5 DD 4D
111,8,,FF FF FF FF FF 82 BE 01 05 F0 4D 21 01 00 A5,FF FF FF FF FF 86 BE 01 05 F0 4D 21 08 00 44 00 27 40 73 33 33 F8,,5,82,BE 01 05 F0 4D,21,1,00,A5,True,True,,5,86,BE 01 05 F0 4D,21,8,00 44 00 27 40 73 33 33,F8,True,True,,FF FF FF FF FF 86 BE 01 05 F0 4D 21 08 00 44 00 27 40 73 33 33 F8,00,44,00 27 40 73 33 33
112,8,,FF FF FF FF FF 82 BE 01 05 F0 4D 21 01 00 A5,FF FF FF FF FF 86 BC 01 05 F0 4D 21 08 00 44 00 27 40 73 33 33 F8,,5,82,BE 01 05 F0 4D,21,1,00,A5,True,True,,5,86,BC 01 05 F0 4D,21,8,00 44 00 27 40 73 33 33,F8,False,True,,FF FF FF FF FF 86 BC 01 05 F0 4D 21 08 00 44 00 27 40 73 33 33 F8,00,44,00 27 40 73 33 33
113,8,,FF FF FF FF FF 82 BE 01 05 F0 4D 21 01 00 A5,FF FF FF FF FF 86 BE 01 05 F0 4D 21 08 00 44 00 27 40 73 33 33 F8,,5,82,BE 01 05 F0 4D,21,1,00,A5,True,True,,5,86,BE 01 05 F0 4D,21,8,00 44 00 27 40 73 33 33,F8,True,True,,FF FF FF FF FF 86 BE 01 05 F0 4D 21 08 00 44 00 27 40 73 33 33 F8,00,44,00 27 40 73 33 33
114,8,,FF FF FF FF FF 82 BE 01 05 F0 4D 21 01 00 A5,FF FF FF FF FF 86 BE 01 05 F0 4D 21 08 00 44 00 27 40 73 33 33 F8,,5,82,BE 01 05 F0 4D,21,1,00,A5,True,True,,5,86,BE 01 05 F0 4D,21,8,00 44 00 27 40 73 33 33,F8,True,True,,FF FF FF FF FF 86 BE 01 05 F0 4D 21 08 00 44 00 27 40 73 33 33 F8,00,44,00 27 40 73 33 33
115,8,,FF FF FF FF FF 82 BE 01 05 F0 4D 21 01 00 A5,FF FF FF FF FF 86 BE 01 05 F0 4D 21 08 00 44 00 27 40 73 33 33 F8,,5,82,BE 01 05 F0 4D,21,1,00,A5,True,True,,5,86,BE 01 05 F0 4D,21,8,00 44 00 27 40 73 33 33,F8,True,True,,FF FF FF FF FF 86 BE 01 05 F0 4D 21 08 00 44 00 27 40 73 33 33 F8,00,44,00 27 40 73 33 33
116,8,,FF FF FF FF FF 82 BE 01 05 F0 4D 28 04 40 80 00 00 69,FF FF FF FF FF 86 BE 01 05 F0 4D 28 06 00 4C 40 80 00 00 23,,5,82,BE 01 05 F0 4D,28,4,40 80 00 00,69,True,True,,5,86,BE 01 05 F0 4D,28,6,00 4C 40 80 00 00,23,True,True,,FF FF FF FF FF 86 BE 01 05 F0 4D 28 06 00 4C 40 80 00 00 23,00,4C,40 80 00 00
117,8,,FF FF FF FF FF 82 BE 01 05 F0 4D 21 01 00 A5,FF FF FF FF FF 86 BC 01 05 F0 4D 21 08 00 4C 00 27 40 80 00 00 03,,5,82,BE 01 05 F0 4D,21,1,00,A5,True,True,,5,86,BC 01 05 F0 4D,21,8,00 4C 00 27 40 80 00 00,03,False,True,,FF FF FF FF FF 86 BC 01 05 F0 4D 21 08 00 4C 00 27 40 80 00 00 03,00,4C,00 27 40 80 00 00
118,8,,FF FF FF FF FF 82 BE 01 05 F0 4D 21 01 00 A5,FF FF FF FF FF 86 BE 01 05 F0 4D 21 08 00 4C 00 27 40 80 00 00 03,,5,82,BE 01 05 F0 4D,21,1,00,A5,True,True,,5,86,BE 01 05 F0 4D,21,8,00 4C 00 27 40 80 00 00,03,True,True,,FF FF FF FF FF 86 BE 01 05 F0 4D 21 08 00 4C 00 27 40 80 00 00 03,00,4C,00 27 40 80 00 00
119,9,,FF FF FF FF FF 82 BE 01 05 F0 4D 21 01 00 A5,FF FF FF FF FF 86 BE 01 05 F0 4D 21 08 00 4C 00 27 40 80 00 00 03,,5,82,BE 01 05 F0 4D,21,1,00,A5,True,True,,5,86,BE 01 05 F0 4D,21,8,00 4C 00 27 40 80 00 00,03,True,True,,FF FF FF FF FF 86 BE 01 05 F0 4D 21 08 00 4C 00 27 40 80 00 00 03,00,4C,00 27 40 80 00 00
120,8,,FF FF FF FF FF 82 BE 01 05 F0 4D 21 01 00 A5,FF FF FF FF FF 86 BE 01 05 F0 4D 21 08 00 4C 00 27 40 80 00 00 03,,5,82,BE 01 05 F0 4D,21,1,00,A5,True,True,,5,86,BE 01 05 F0 4D,21,8,00 4C 00 27 40 80 00 00,03,True,True,,FF FF FF FF FF 86 BE 01 05 F0 4D 21 08 00 4C 00 27 40 80 00 00 03,00,4C,00 27 40 80 00 00
121,7,,FF FF FF FF FF 82 BE 01 05 F0 4D 28 04 41 00 00 00 E8,FF FF FF FF FF 86 BE 01 05 F0 4D 28 06 00 4C 41 00 00 00 A2,,5,82,BE 01 05 F0 4D,28,4,41 00 00 00,E8,True,True,,5,86,BE 01 05 F0 4D,28,6,00 4C 41 00 00 00,A2,True,True,,FF FF FF FF FF 86 BE 01 05 F0 4D 28 06 00 4C 41 00 00 00 A2,00,4C,41 00 00 00
122,8,,FF FF FF FF FF 82 BE 01 05 F0 4D 21 01 00 A5,FF FF FF FF FF 86 BE 01 05 F0 4D 21 08 00 4C 00 27 41 00 00 00 82,,5,82,BE 01 05 F0 4D,21,1,00,A5,True,True,,5,86,BE 01 05 F0 4D,21,8,00 4C 00 27 41 00 00 00,82,True,True,,FF FF FF FF FF 86 BE 01 05 F0 4D 21 08 00 4C 00 27 41 00 00 00 82,00,4C,00 27 41 00 00 00
123,8,,FF FF FF FF FF 82 BE 01 05 F0 4D 21 01 00 A5,FF FF FF FF FF 86 BE 01 05 F0 4D 21 08 00 4C 00 27 41 00 00 00 82,,5,82,BE 01 05 F0 4D,21,1,00,A5,True,True,,5,86,BE 01 05 F0 4D,21,8,00 4C 00 27 41 00 00 00,82,True,True,,FF FF FF FF FF 86 BE 01 05 F0 4D 21 08 00 4C 00 27 41 00 00 00 82,00,4C,00 27 41 00 00 00
124,8,,FF FF FF FF FF 82 BE 01 05 F0 4D 21 01 00 A5,FF FF FF FF FF 86 BE 01 05 F0 4D 21 08 00 4C 00 27 41 00 00 00 82,,5,82,BE 01 05 F0 4D,21,1,00,A5,True,True,,5,86,BE 01 05 F0 4D,21,8,00 4C 00 27 41 00 00 00,82,True,True,,FF FF FF FF FF 86 BE 01 05 F0 4D 21 08 00 4C 00 27 41 00 00 00 82,00,4C,00 27 41 00 00 00
125,7,,FF FF FF FF FF 82 BE 01 05 F0 4D 28 04 41 40 00 00 A8,FF FF FF FF FF 86 BE 01 05 F0 4D 28 06 00 4C 41 40 00 00 E2,,5,82,BE 01 05 F0 4D,28,4,41 40 00 00,A8,True,True,,5,86,BE 01 05 F0 4D,28,6,00 4C 41 40 00 00,E2,True,True,,FF FF FF FF FF 86 BE 01 05 F0 4D 28 06 00 4C 41 40 00 00 E2,00,4C,41 40 00 00
126,8,,FF FF FF FF FF 82 BE 01 05 F0 4D 21 01 00 A5,FF FF FF FF FF 86 BE 01 05 F0 4D 21 08 00 4C 00 27 41 40 00 00 C2,,5,82,BE 01 05 F0 4D,21,1,00,A5,True,True,,5,86,BE 01 05 F0 4D,21,8,00 4C 00 27 41 40 00 00,C2,True,True,,FF FF FF FF FF 86 BE 01 05 F0 4D 21 08 00 4C 00 27 41 40 00 00 C2,00,4C,00 27 41 40 00 00
127,8,,FF FF FF FF FF 82 BE 01 05 F0 4D 21 01 00 A5,FF FF FF FF FF 86 BE 01 05 F0 4D 21 08 00 4C 00 27 41 40 00 00 C2,,5,82,BE 01 05 F0 4D,21,1,00,A5,True,True,,5,86,BE 01 05 F0 4D,21,8,00 4C 00 27 41 40 00 00,C2,True,True,,FF FF FF FF FF 86 BE 01 05 F0 4D 21 08 00 4C 00 27 41 40 00 00 C2,00,4C,00 27 41 40 00 00
128,8,,FF FF FF FF FF 82 BE 01 05 F0 4D 28 04 41 80 00 00 68,FF FF FF FF FF 86 BE 01 05 F0 4D 28 06 00 4C 41 80 00 00 22,,5,82,BE 01 05 F0 4D,28,4,41 80 00 00,68,True,True,,5,86,BE 01 05 F0 4D,28,6,00 4C 41 80 00 00,22,True,True,,FF FF FF FF FF 86 BE 01 05 F0 4D 28 06 00 4C 41 80 00 00 22,00,4C,41 80 00 00
129,8,,FF FF FF FF FF 82 BE 01 05 F0 4D 21 01 00 A5,FF FF FF FF FF 86 BE 01 05 F0 4D 21 08 00 4C 00 27 41 80 00 00 02,,5,82,BE 01 05 F0 4D,21,1,00,A5,True,True,,5,86,BE 01 05 F0 4D,21,8,00 4C 00 27 41 80 00 00,02,True,True,,FF FF FF FF FF 86 BE 01 05 F0 4D 21 08 00 4C 00 27 41 80 00 00 02,00,4C,00 27 41 80 00 00
130,8,,FF FF FF FF FF 82 BE 01 05 F0 4D 21 01 00 A5,FF FF FF FF FF 86 BE 01 05 F0 4D 21 08 00 4C 00 27 41 80 00 00 02,,5,82,BE 01 05 F0 4D,21,1,00,A5,True,True,,5,86,BE 01 05 F0 4D,21,8,00 4C 00 27 41 80 00 00,02,True,True,,FF FF FF FF FF 86 BE 01 05 F0 4D 21 08 00 4C 00 27 41 80 00 00 02,00,4C,00 27 41 80 00 00
131,7,,FF FF FF FF FF 82 BE 01 05 F0 4D 28 04 41 A0 00 00 48,FF FF FF FF FF 86 BE 01 05 F0 4D 28 06 00 4C 41 A0 00 00 02,,5,82,BE 01 05 F0 4D,28,4,41 A0 00 00,48,True,True,,5,86,BE 01 05 F0 4D,28,6,00 4C 41 A0 00 00,02,True,True,,FF FF FF FF FF 86 BE 01 05 F0 4D 28 06 00 4C 41 A0 00 00 02,00,4C,41 A0 00 00
132,9,,FF FF FF FF FF 82 BE 01 05 F0 4D 21 01 00 A5,FF FF FF FF FF 86 BE 01 05 F0 4D 21 08 00 4C 00 27 41 A0 00 00 22,,5,82,BE 01 05 F0 4D,21,1,00,A5,True,True,,5,86,BE 01 05 F0 4D,21,8,00 4C 00 27 41 A0 00 00,22,True,True,,FF FF FF FF FF 86 BE 01 05 F0 4D 21 08 00 4C 00 27 41 A0 00 00 22,00,4C,00 27 41 A0 00 00
133,8,,FF FF FF FF FF 82 BE 01 05 F0 4D 21 01 00 A5,FF FF FF FF FF 86 BE 01 05 F0 4D 21 08 00 4C 00 27 41 A0 00 00 22,,5,82,BE 01 05 F0 4D,21,1,00,A5,True,True,,5,86,BE 01 05 F0 4D,21,8,00 4C 00 27 41 A0 00 00,22,True,True,,FF FF FF FF FF 86 BE 01 05 F0 4D 21 08 00 4C 00 27 41 A0 00 00 22,00,4C,00 27 41 A0 00 00
134,8,incomplete hex in logged chunk: [13:43:46.237] UDP RX (3 bytes): 00 00 E,FF FF FF FF FF 82 BE 01 05 F0 4D 28 04 00 00 00 00 A9,FF FF FD FF FF 86 BE 01 05 F0 4D 28 06 00 44 00 00 00 00,truncated frame,5,82,BE 01 05 F0 4D,28,4,00 00 00 00,A9,True,True,,,,,,,,,,,,,,,
