index,time,command,result,request,real_response,simulated_response,detail
0,13:25:01.090,0,EXACT,"FF FF FF FF FF 02 80 00 00 82","FF FF FF FF FF 06 80 00 0E 00 64 FE 3E 01 05 05 05 72 20 06 05 F0 4D C4","FF FF FF FF FF 06 80 00 0E 00 64 FE 3E 01 05 05 05 72 20 06 05 F0 4D C4",""
1,13:25:01.593,13,EXACT,"FF FF FF FF FF 82 BE 01 05 F0 4D 0D 00 88","FF FF FF FF FF 86 BE 01 05 F0 4D 0D 17 00 44 50 11 E0 82 08 20 C7 68 03 20 14 81 0D 41 52 15 38 20 82 08 20 74","FF FF FF FF FF 86 BE 01 05 F0 4D 0D 17 00 44 50 11 E0 82 08 20 C7 68 03 20 14 81 0D 41 52 15 38 20 82 08 20 74",""
2,13:25:14.251,0,EXACT,"FF FF FF FF FF 02 80 00 00 82","FF FF FF FF FF 06 80 00 0E 00 44 FE 3E 01 05 05 05 72 20 06 05 F0 4D E4","FF FF FF FF FF 06 80 00 0E 00 44 FE 3E 01 05 05 05 72 20 06 05 F0 4D E4",""
3,13:25:19.247,0,EXACT,"FF FF FF FF FF 82 BE 01 05 F0 4D 00 00 85","FF FF FF FF FF 86 BE 01 05 F0 4D 00 0E 00 44 FE 3E 01 05 05 05 72 20 06 05 F0 4D E3","FF FF FF FF FF 86 BE 01 05 F0 4D 00 0E 00 44 FE 3E 01 05 05 05 72 20 06 05 F0 4D E3",""
4,13:25:19.803,20,EXACT,"FF FF FF FF FF 82 BE 01 05 F0 4D 14 00 91","FF FF FF FF FF 86 BE 01 05 F0 4D 14 02 40 44 93","FF FF FF FF FF 86 BE 01 05 F0 4D 14 02 40 44 93",""
5,13:25:20.156,13,EXACT,"FF FF FF FF FF 82 BE 01 05 F0 4D 0D 00 88","FF FF FF FF FF 86 BE 01 05 F0 4D 0D 17 00 44 50 11 E0 82 08 20 C7 68 03 20 14 81 0D 41 52 15 38 20 82 08 20 74","FF FF FF FF FF 86 BE 01 05 F0 4D 0D 17 00 44 50 11 E0 82 08 20 C7 68 03 20 14 81 0D 41 52 15 38 20 82 08 20 74",""
6,13:25:20.714,12,EXACT,"FF FF FF FF FF 82 BE 01 05 F0 4D 0C 00 89","FF FF FF FF FF 86 BE 01 05 F0 4D 0C 1A 00 44 CF 28 03 20 14 81 0D 41 52 15 38 20 82 08 20 82 08 20 82 08 20 82 08 20 91","FF FF FF FF FF 86 BE 01 05 F0 4D 0C 1A 00 44 CF 28 03 20 14 81 0D 41 52 15 38 20 82 08 20 82 08 20 82 08 20 82 08 20 91",""
7,13:25:21.320,173,EXACT,"FF FF FF FF FF 82 BE 01 05 F0 4D AD 00 28","FF FF FF FF FF 86 BE 01 05 F0 4D AD 18 00 44 4C 44 33 30 31 4D 32 31 49 54 44 31 30 30 31 31 2D 49 36 50 30 20 7E","FF FF FF FF FF 86 BE 01 05 F0 4D AD 18 00 44 4C 44 33 30 31 4D 32 31 49 54 44 31 30 30 31 31 2D 49 36 50 30 20 7E",""
8,13:25:21.926,0,EXACT,"FF FF FF FF FF 82 BE 01 05 F0 4D 00 00 85","FF FF FF FF FF 86 BE 01 05 F0 4D 00 0E 00 44 FE 3E 01 05 05 05 72 20 06 05 F0 4D E3","FF FF FF FF FF 86 BE 01 05 F0 4D 00 0E 00 44 FE 3E 01 05 05 05 72 20 06 05 F0 4D E3",""
9,13:25:22.381,20,EXACT,"FF FF FF FF FF 82 BE 01 05 F0 4D 14 00 91","FF FF FF FF FF 86 BE 01 05 F0 4D 14 02 40 44 93","FF FF FF FF FF 86 BE 01 05 F0 4D 14 02 40 44 93",""
10,13:25:22.785,13,EXACT,"FF FF FF FF FF 82 BE 01 05 F0 4D 0D 00 88","FF FF FF FF FF 86 BE 01 05 F0 4D 0D 17 00 44 50 11 E0 82 08 20 C7 68 03 20 14 81 0D 41 52 15 38 20 82 08 20 74","FF FF FF FF FF 86 BE 01 05 F0 4D 0D 17 00 44 50 11 E0 82 08 20 C7 68 03 20 14 81 0D 41 52 15 38 20 82 08 20 74",""
11,13:25:23.441,12,EXACT,"FF FF FF FF FF 82 BE 01 05 F0 4D 0C 00 89","FF FF FF FF FF 86 BE 01 05 F0 4D 0C 1A 00 44 CF 28 03 20 14 81 0D 41 52 15 38 20 82 08 20 82 08 20 82 08 20 82 08 20 91","FF FF FF FF FF 86 BE 01 05 F0 4D 0C 1A 00 44 CF 28 03 20 14 81 0D 41 52 15 38 20 82 08 20 82 08 20 82 08 20 82 08 20 91",""
12,13:25:24.096,173,EXACT,"FF FF FF FF FF 82 BE 01 05 F0 4D AD 00 28","FF FF FF FF FF 86 BE 01 05 F0 4D AD 18 00 44 4C 44 33 30 31 4D 32 31 49 54 44 31 30 30 31 31 2D 49 36 50 30 20 7E","FF FF FF FF FF 86 BE 01 05 F0 4D AD 18 00 44 4C 44 33 30 31 4D 32 31 49 54 44 31 30 30 31 31 2D 49 36 50 30 20 7E",""
13,13:27:09.538,18,EXACT,"FF FF FF FF FF 82 BE 01 05 F0 4D 12 15 31 4C 70 C2 08 20 34 51 09 10 F4 A0 10 58 0E 25 61 4C 08 03 51 59","FF FF FF FF FF 86 BE 01 05 F0 4D 12 17 00 44 31 4C 70 C2 08 20 34 51 09 10 F4 A0 10 58 0E 25 61 4C 08 03 51 1B","FF FF FF FF FF 86 BE 01 05 F0 4D 12 17 00 44 31 4C 70 C2 08 20 34 51 09 10 F4 A0 10 58 0E 25 61 4C 08 03 51 1B",""
14,13:27:10.395,17,EXACT,"FF FF FF FF FF 82 BE 01 05 F0 4D 11 18 51 20 4E 4C D2 53 4C F4 A0 10 58 0E 25 61 4C 82 08 20 82 08 20 82 08 20 82","FF FF FF FF FF 86 BE 01 05 F0 4D 11 1A 00 44 51 20 4E 4C D2 53 4C F4 A0 10 58 0E 25 61 4C 82 08 20 82 08 20 82 08 20 C0","FF FF FF FF FF 86 BE 01 05 F0 4D 11 1A 00 44 51 20 4E 4C D2 53 4C F4 A0 10 58 0E 25 61 4C 82 08 20 82 08 20 82 08 20 C0",""
15,13:27:11.204,0,EXACT,"FF FF FF FF FF 82 BE 01 05 F0 4D 00 00 85","FF FF FF FF FF 86 BE 01 05 F0 4D 00 0E 00 44 FE 3E 01 05 05 05 72 20 06 05 F0 4D E3","FF FF FF FF FF 86 BE 01 05 F0 4D 00 0E 00 44 FE 3E 01 05 05 05 72 20 06 05 F0 4D E3",""
16,13:27:11.659,20,EXACT,"FF FF FF FF FF 82 BE 01 05 F0 4D 14 00 91","FF FF FF FF FF 86 BE 01 05 F0 4D 14 02 40 44 93","FF FF FF FF FF 86 BE 01 05 F0 4D 14 02 40 44 93",""
17,13:27:12.013,13,EXACT,"FF FF FF FF FF 82 BE 01 05 F0 4D 0D 00 88","FF FF FF FF FF 86 BE 01 05 F0 4D 0D 17 00 44 31 4C 70 C2 08 20 34 51 09 10 F4 A0 10 58 0E 25 61 4C 08 03 51 04","FF FF FF FF FF 86 BE 01 05 F0 4D 0D 17 00 44 31 4C 70 C2 08 20 34 51 09 10 F4 A0 10 58 0E 25 61 4C 08 03 51 04",""
18,13:27:12.566,12,EXACT,"FF FF FF FF FF 82 BE 01 05 F0 4D 0C 00 89","FF FF FF FF FF 86 BE 01 05 F0 4D 0C 1A 00 44 51 20 4E 4C D2 53 4C F4 A0 10 58 0E 25 61 4C 82 08 20 82 08 20 82 08 20 DD","FF FF FF FF FF 86 BE 01 05 F0 4D 0C 1A 00 44 51 20 4E 4C D2 53 4C F4 A0 10 58 0E 25 61 4C 82 08 20 82 08 20 82 08 20 DD",""
19,13:27:13.170,173,EXACT,"FF FF FF FF FF 82 BE 01 05 F0 4D AD 00 28","FF FF FF FF FF 86 BE 01 05 F0 4D AD 18 00 44 4C 44 33 30 31 4D 32 31 49 54 44 31 30 30 31 31 2D 49 36 50 30 20 7E","FF FF FF FF FF 86 BE 01 05 F0 4D AD 18 00 44 4C 44 33 30 31 4D 32 31 49 54 44 31 30 30 31 31 2D 49 36 50 30 20 7E",""
20,13:27:30.124,164,EXACT,"FF FF FF FF FF 82 BE 01 05 F0 4D A4 00 21","FF FF FF FF FF 86 BE 01 05 F0 4D A4 06 00 44 03 05 02 02 61","FF FF FF FF FF 86 BE 01 05 F0 4D A4 06 00 44 03 05 02 02 61",""
21,13:27:30.579,128,EXACT,"FF FF FF FF FF 82 BE 01 05 F0 4D 80 00 05","FF FF FF FF FF 86 BE 01 05 F0 4D 80 1A 00 44 0C 03 0A 01 02 FB FB FB FB 01 02 01 01 04 45 9F 07 2E 00 00 00 00 FA 00 57","FF FF FF FF FF 86 BE 01 05 F0 4D 80 1A 00 44 0C 03 0A 01 02 FB FB FB FB 01 02 01 01 04 45 9F 07 2E 00 00 00 00 FA 00 57",""
22,13:27:31.185,15,EXACT,"FF FF FF FF FF 82 BE 01 05 F0 4D 0F 00 8A","FF FF FF FF FF 86 BE 01 05 F0 4D 0F 13 00 44 01 00 04 44 D3 40 00 43 3E 00 00 00 00 00 00 00 3E 48","FF FF FF FF FF 86 BE 01 05 F0 4D 0F 13 00 44 01 00 04 44 D3 40 00 43 3E 00 00 00 00 00 00 00 3E 48",""
23,13:27:31.741,138,EXACT,"FF FF FF FF FF 82 BE 01 05 F0 4D 8A 00 0F","FF FF FF FF FF 86 BE 01 05 F0 4D 8A 03 00 44 FF B3","FF FF FF FF FF 86 BE 01 05 F0 4D 8A 03 00 44 FF B3",""
24,13:27:32.095,185,EXACT,"FF FF FF FF FF 82 BE 01 05 F0 4D B9 00 3C","FF FF FF FF FF 86 BE 01 05 F0 4D B9 08 76 44 FF FB 00 00 00 00 06","FF FF FF FF FF 86 BE 01 05 F0 4D B9 08 76 44 FF FB 00 00 00 00 06",""
25,13:28:01.859,164,EXACT,"FF FF FF FF FF 82 BE 01 05 F0 4D A4 00 21","FF FF FF FF FF 86 BE 01 05 F0 4D A4 06 00 44 03 05 02 02 61","FF FF FF FF FF 86 BE 01 05 F0 4D A4 06 00 44 03 05 02 02 61",""
26,13:28:02.364,128,EXACT,"FF FF FF FF FF 82 BE 01 05 F0 4D 80 00 05","FF FF FF FF FF 86 BE 01 05 F0 4D 80 1A 00 44 0C 03 0A 01 02 FB FB FB FB 01 02 01 01 04 45 9F 07 2E 00 00 00 00 FA 00 57","FF FF FF FF FF 86 BE 01 05 F0 4D 80 1A 00 44 0C 03 0A 01 02 FB FB FB FB 01 02 01 01 04 45 9F 07 2E 00 00 00 00 FA 00 57",""
27,13:28:03.071,15,EXACT,"FF FF FF FF FF 82 BE 01 05 F0 4D 0F 00 8A","FF FF FF FF FF 86 BE 01 05 F0 4D 0F 13 00 44 01 00 04 44 D3 40 00 43 3E 00 00 00 00 00 00 00 3E 48","FF FF FF FF FF 86 BE 01 05 F0 4D 0F 13 00 44 01 00 04 44 D3 40 00 43 3E 00 00 00 00 00 00 00 3E 48",""
28,13:28:03.578,138,EXACT,"FF FF FF FF FF 82 BE 01 05 F0 4D 8A 00 0F","FF FF FF FF FF 86 BE 01 05 F0 4D 8A 03 00 44 FF B3","FF FF FF FF FF 86 BE 01 05 F0 4D 8A 03 00 44 FF B3",""
29,13:28:03.981,185,EXACT,"FF FF FF FF FF 82 BE 01 05 F0 4D B9 00 3C","FF FF FF FF FF 86 BE 01 05 F0 4D B9 08 76 44 FF FB 00 00 00 00 06","FF FF FF FF FF 86 BE 01 05 F0 4D B9 08 76 44 FF FB 00 00 00 00 06",""
30,13:28:07.667,164,EXACT,"FF FF FF FF FF 82 BE 01 05 F0 4D A4 00 21","FF FF FF FF FF 86 BE 01 05 F0 4D A4 06 00 44 03 05 02 02 61","FF FF FF FF FF 86 BE 01 05 F0 4D A4 06 00 44 03 05 02 02 61",""
31,13:28:08.171,128,EXACT,"FF FF FF FF FF 82 BE 01 05 F0 4D 80 00 05","FF FF FF FF FF 86 BE 01 05 F0 4D 80 1A 00 44 0C 03 0A 01 02 FB FB FB FB 01 02 01 01 04 45 9F 07 2E 00 00 00 00 FA 00 57","FF FF FF FF FF 86 BE 01 05 F0 4D 80 1A 00 44 0C 03 0A 01 02 FB FB FB FB 01 02 01 01 04 45 9F 07 2E 00 00 00 00 FA 00 57",""
32,13:28:08.726,15,EXACT,"FF FF FF FF FF 82 BE 01 05 F0 4D 0F 00 8A","FF FF FF FF FF 86 BE 01 05 F0 4D 0F 13 00 44 01 00 04 44 D3 40 00 43 3E 00 00 00 00 00 00 00 3E 48","FF FF FF FF FF 86 BE 01 05 F0 4D 0F 13 00 44 01 00 04 44 D3 40 00 43 3E 00 00 00 00 00 00 00 3E 48",""
33,13:28:09.232,138,EXACT,"FF FF FF FF FF 82 BE 01 05 F0 4D 8A 00 0F","FF FF FF FF FF 86 BE 01 05 F0 4D 8A 03 00 44 FF B3","FF FF FF FF FF 86 BE 01 05 F0 4D 8A 03 00 44 FF B3",""
34,13:28:09.586,185,EXACT,"FF FF FF FF FF 82 BE 01 05 F0 4D B9 00 3C","FF FF FF FF FF 86 BE 01 05 F0 4D B9 08 76 44 FF FB 00 00 00 00 06","FF FF FF FF FF 86 BE 01 05 F0 4D B9 08 76 44 FF FB 00 00 00 00 06",""
35,13:29:14.687,164,EXACT,"FF FF FF FF FF 82 BE 01 05 F0 4D A4 00 21","FF FF FF FF FF 86 BE 01 05 F0 4D A4 06 00 44 03 05 02 02 61","FF FF FF FF FF 86 BE 01 05 F0 4D A4 06 00 44 03 05 02 02 61",""
36,13:29:15.144,128,EXACT,"FF FF FF FF FF 82 BE 01 05 F0 4D 80 00 05","FF FF FF FF FF 86 BE 01 05 F0 4D 80 1A 00 44 0C 03 0A 01 02 FB FB FB FB 01 02 01 01 04 45 9F 07 2E 00 00 00 00 FA 00 57","FF FF FF FF FF 86 BE 01 05 F0 4D 80 1A 00 44 0C 03 0A 01 02 FB FB FB FB 01 02 01 01 04 45 9F 07 2E 00 00 00 00 FA 00 57",""
37,13:29:15.750,15,EXACT,"FF FF FF FF FF 82 BE 01 05 F0 4D 0F 00 8A","FF FF FF FF FF 86 BE 01 05 F0 4D 0F 13 00 44 01 00 04 44 D3 40 00 43 3E 00 00 00 00 00 00 00 3E 48","FF FF FF FF FF 86 BE 01 05 F0 4D 0F 13 00 44 01 00 04 44 D3 40 00 43 3E 00 00 00 00 00 00 00 3E 48",""
38,13:29:16.406,138,EXACT,"FF FF FF FF FF 82 BE 01 05 F0 4D 8A 00 0F","FF FF FF FF FF 86 BE 01 05 F0 4D 8A 03 00 44 FF B3","FF FF FF FF FF 86 BE 01 05 F0 4D 8A 03 00 44 FF B3",""
39,13:29:16.761,185,EXACT,"FF FF FF FF FF 82 BE 01 05 F0 4D B9 00 3C","FF FF FF FF FF 86 BE 01 05 F0 4D B9 08 76 44 FF FB 00 00 00 00 06","FF FF FF FF FF 86 BE 01 05 F0 4D B9 08 76 44 FF FB 00 00 00 00 06",""
40,13:29:31.998,0,EXACT,"FF FF FF FF FF 82 BE 01 05 F0 4D 00 00 85","FF FF FF FF FF 86 BE 01 05 F0 4D 00 0E 00 44 FE 3E 01 05 05 05 72 20 06 05 F0 4D E3","FF FF FF FF FF 86 BE 01 05 F0 4D 00 0E 00 44 FE 3E 01 05 05 05 72 20 06 05 F0 4D E3",""
41,13:29:32.501,20,SEMANTIC,"FF FF FF FF FF 82 BE 01 05 F0 4D 14 00 91","FF FF 86 BE 01 05 F0 4D 14 02 40 44 93","FF FF FF FF FF 86 BE 01 05 F0 4D 14 02 40 44 93","identical HART frame, different preamble count"
42,13:29:32.854,13,EXACT,"FF FF FF FF FF 82 BE 01 05 F0 4D 0D 00 88","FF FF FF FF FF 86 BE 01 05 F0 4D 0D 17 00 44 31 4C 70 C2 08 20 34 51 09 10 F4 A0 10 58 0E 25 61 4C 08 03 51 04","FF FF FF FF FF 86 BE 01 05 F0 4D 0D 17 00 44 31 4C 70 C2 08 20 34 51 09 10 F4 A0 10 58 0E 25 61 4C 08 03 51 04",""
43,13:29:33.410,12,EXACT,"FF FF FF FF FF 82 BE 01 05 F0 4D 0C 00 89","FF FF FF FF FF 86 BE 01 05 F0 4D 0C 1A 00 44 51 20 4E 4C D2 53 4C F4 A0 10 58 0E 25 61 4C 82 08 20 82 08 20 82 08 20 DD","FF FF FF FF FF 86 BE 01 05 F0 4D 0C 1A 00 44 51 20 4E 4C D2 53 4C F4 A0 10 58 0E 25 61 4C 82 08 20 82 08 20 82 08 20 DD",""
44,13:29:33.977,173,EXACT,"FF FF FF FF FF 82 BE 01 05 F0 4D AD 00 28","FF FF FF FF FF 86 BE 01 05 F0 4D AD 18 00 44 4C 44 33 30 31 4D 32 31 49 54 44 31 30 30 31 31 2D 49 36 50 30 20 7E","FF FF FF FF FF 86 BE 01 05 F0 4D AD 18 00 44 4C 44 33 30 31 4D 32 31 49 54 44 31 30 30 31 31 2D 49 36 50 30 20 7E",""
45,13:29:41.194,0,EXACT,"FF FF FF FF FF 82 BE 01 05 F0 4D 00 00 85","FF FF FF FF FF 86 BE 01 05 F0 4D 00 0E 00 44 FE 3E 01 05 05 05 72 20 06 05 F0 4D E3","FF FF FF FF FF 86 BE 01 05 F0 4D 00 0E 00 44 FE 3E 01 05 05 05 72 20 06 05 F0 4D E3",""
46,13:29:41.749,14,EXACT,"FF FF FF FF FF 82 BE 01 05 F0 4D 0E 00 8B","FF FF FF FF FF 86 BE 01 05 F0 4D 0E 12 00 44 09 FA 78 04 45 9F 9D F6 C5 9F 9D F6 41 CC 4F 4F 5B","FF FF FF FF FF 86 BE 01 05 F0 4D 0E 12 00 44 09 FA 78 04 45 9F 9D F6 C5 9F 9D F6 41 CC 4F 4F 5B",""
47,13:29:42.254,16,EXACT,"FF FF FF FF FF 82 BE 01 05 F0 4D 10 00 95","FF FF FF FF FF 86 BE 01 05 F0 4D 10 05 00 44 00 D0 E6 E6","FF FF FF FF FF 86 BE 01 05 F0 4D 10 05 00 44 00 D0 E6 E6",""
48,13:29:44.320,128,EXACT,"FF FF FF FF FF 82 BE 01 05 F0 4D 80 00 05","FF FF FF FF FF 86 BE 01 05 F0 4D 80 1A 00 44 0C 03 0A 01 02 FB FB FB FB 01 02 01 01 04 45 9F 07 2E 00 00 00 00 FA 00 57","FF FF FF FF FF 86 BE 01 05 F0 4D 80 1A 00 44 0C 03 0A 01 02 FB FB FB FB 01 02 01 01 04 45 9F 07 2E 00 00 00 00 FA 00 57",""
49,13:29:45.026,14,EXACT,"FF FF FF FF FF 82 BE 01 05 F0 4D 0E 00 8B","FF FF FF FF FF 86 BE 01 05 F0 4D 0E 12 00 44 09 FA 78 04 45 9F 9D F6 C5 9F 9D F6 41 CC 4F 4F 5B","FF FF FF FF FF 86 BE 01 05 F0 4D 0E 12 00 44 09 FA 78 04 45 9F 9D F6 C5 9F 9D F6 41 CC 4F 4F 5B",""
50,13:29:47.547,128,EXACT,"FF FF FF FF FF 82 BE 01 05 F0 4D 80 00 05","FF FF FF FF FF 86 BE 01 05 F0 4D 80 1A 00 44 0C 03 0A 01 02 FB FB FB FB 01 02 01 01 04 45 9F 07 2E 00 00 00 00 FA 00 57","FF FF FF FF FF 86 BE 01 05 F0 4D 80 1A 00 44 0C 03 0A 01 02 FB FB FB FB 01 02 01 01 04 45 9F 07 2E 00 00 00 00 FA 00 57",""
51,13:29:49.969,15,EXACT,"FF FF FF FF FF 82 BE 01 05 F0 4D 0F 00 8A","FF FF FF FF FF 86 BE 01 05 F0 4D 0F 13 00 44 01 00 04 44 D3 40 00 43 3E 00 00 00 00 00 00 00 3E 48","FF FF FF FF FF 86 BE 01 05 F0 4D 0F 13 00 44 01 00 04 44 D3 40 00 43 3E 00 00 00 00 00 00 00 3E 48",""
52,13:29:50.624,138,EXACT,"FF FF FF FF FF 82 BE 01 05 F0 4D 8A 00 0F","FF FF FF FF FF 86 BE 01 05 F0 4D 8A 03 00 44 FF B3","FF FF FF FF FF 86 BE 01 05 F0 4D 8A 03 00 44 FF B3",""
53,13:29:50.978,185,EXACT,"FF FF FF FF FF 82 BE 01 05 F0 4D B9 00 3C","FF FF FF FF FF 86 BE 01 05 F0 4D B9 08 76 44 FF FB 00 00 00 00 06","FF FF FF FF FF 86 BE 01 05 F0 4D B9 08 76 44 FF FB 00 00 00 00 06",""
54,13:29:51.431,156,EXACT,"FF FF FF FF FF 82 BE 01 05 F0 4D 9C 00 19","FF FF FF FF FF 86 BE 01 05 F0 4D 9C 07 71 44 00 40 C0 00 00 AF","FF FF FF FF FF 86 BE 01 05 F0 4D 9C 07 71 44 00 40 C0 00 00 AF",""
55,13:29:53.449,15,EXACT,"FF FF FF FF FF 82 BE 01 05 F0 4D 0F 00 8A","FF FF FF FF FF 86 BE 01 05 F0 4D 0F 13 00 44 01 00 04 44 D3 40 00 43 3E 00 00 00 00 00 00 00 3E 48","FF FF FF FF FF 86 BE 01 05 F0 4D 0F 13 00 44 01 00 04 44 D3 40 00 43 3E 00 00 00 00 00 00 00 3E 48",""
56,13:29:54.105,14,EXACT,"FF FF FF FF FF 82 BE 01 05 F0 4D 0E 00 8B","FF FF FF FF FF 86 BE 01 05 F0 4D 0E 12 00 44 09 FA 78 04 45 9F 9D F6 C5 9F 9D F6 41 CC 4F 4F 5B","FF FF FF FF FF 86 BE 01 05 F0 4D 0E 12 00 44 09 FA 78 04 45 9F 9D F6 C5 9F 9D F6 41 CC 4F 4F 5B",""
57,13:29:55.717,178,EXACT,"FF FF FF FF FF 82 BE 01 05 F0 4D B2 00 37","FF FF FF FF FF 86 BE 01 05 F0 4D B2 0B 00 44 00 44 48 00 00 43 73 00 00 40","FF FF FF FF FF 86 BE 01 05 F0 4D B2 0B 00 44 00 44 48 00 00 43 73 00 00 40",""
58,13:29:56.271,176,EXACT,"FF FF FF FF FF 82 BE 01 05 F0 4D B0 00 35","FF FF FF FF FF 86 BE 01 05 F0 4D B0 08 00 44 31 6D 6D 00 00 00 4C","FF FF FF FF FF 86 BE 01 05 F0 4D B0 08 00 44 31 6D 6D 00 00 00 4C",""
59,13:29:58.088,164,EXACT,"FF FF FF FF FF 82 BE 01 05 F0 4D A4 00 21","FF FF FF FF FF 86 BE 01 05 F0 4D A4 06 00 44 03 05 02 02 61","FF FF FF FF FF 86 BE 01 05 F0 4D A4 06 00 44 03 05 02 02 61",""
60,13:29:58.543,128,EXACT,"FF FF FF FF FF 82 BE 01 05 F0 4D 80 00 05","FF FF FF FF FF 86 BE 01 05 F0 4D 80 1A 00 44 0C 03 0A 01 02 FB FB FB FB 01 02 01 01 04 45 9F 07 2E 00 00 00 00 FA 00 57","FF FF FF FF FF 86 BE 01 05 F0 4D 80 1A 00 44 0C 03 0A 01 02 FB FB FB FB 01 02 01 01 04 45 9F 07 2E 00 00 00 00 FA 00 57",""
61,13:30:01.572,133,EXACT,"FF FF FF FF FF 82 BE 01 05 F0 4D 85 01 00 01","FF FF FF FF FF 86 BE 01 05 F0 4D 85 14 00 44 00 06 00 00 00 00 42 C8 00 00 42 C8 00 00 42 C8 00 00 D8","FF FF FF FF FF 86 BE 01 05 F0 4D 85 14 00 44 00 06 00 00 00 00 42 C8 00 00 42 C8 00 00 42 C8 00 00 D8",""
62,13:30:02.179,133,EXACT,"FF FF FF FF FF 82 BE 01 05 F0 4D 85 01 00 01","FF FF FF FF FF 86 BE 01 05 F0 4D 85 14 00 44 00 06 00 00 00 00 42 C8 00 00 42 C8 00 00 42 C8 00 00 D8","FF FF FF FF FF 86 BE 01 05 F0 4D 85 14 00 44 00 06 00 00 00 00 42 C8 00 00 42 C8 00 00 42 C8 00 00 D8",""
63,13:30:02.733,133,EXACT,"FF FF FF FF FF 82 BE 01 05 F0 4D 85 01 04 05","FF FF FF FF FF 86 BE 01 05 F0 4D 85 14 00 44 04 06 42 C8 00 00 42 C8 00 00 00 00 00 00 00 00 00 00 56","FF FF FF FF FF 86 BE 01 05 F0 4D 85 14 00 44 04 06 42 C8 00 00 42 C8 00 00 00 00 00 00 00 00 00 00 56",""
64,13:30:03.288,133,EXACT,"FF FF FF FF FF 82 BE 01 05 F0 4D 85 01 08 09","FF FF FF FF FF 86 BE 01 05 F0 4D 85 14 00 44 08 06 00 00 00 00 00 00 00 00 00 00 00 00 00 00 00 00 5A","FF FF FF FF FF 86 BE 01 05 F0 4D 85 14 00 44 08 06 00 00 00 00 00 00 00 00 00 00 00 00 00 00 00 00 5A",""
65,13:30:03.843,133,EXACT,"FF FF FF FF FF 82 BE 01 05 F0 4D 85 01 0C 0D","FF FF FF FF FF 86 BE 01 05 F0 4D 85 14 00 44 0C 06 00 00 00 00 00 00 00 00 00 00 00 00 00 00 00 00 5E","FF FF FF FF FF 86 BE 01 05 F0 4D 85 14 00 44 0C 06 00 00 00 00 00 00 00 00 00 00 00 00 00 00 00 00 5E",""
66,13:30:04.398,133,EXACT,"FF FF FF FF FF 82 BE 01 05 F0 4D 85 01 10 11","FF FF FF FF FF 86 BE 01 05 F0 4D 85 14 00 44 10 06 00 00 00 00 42 C8 00 00 42 C8 00 00 42 C8 00 00 C8","FF FF FF FF FF 86 BE 01 05 F0 4D 85 14 00 44 10 06 00 00 00 00 42 C8 00 00 42 C8 00 00 42 C8 00 00 C8",""
67,13:30:04.962,133,EXACT,"FF FF FF FF FF 82 BE 01 05 F0 4D 85 01 14 15","FF FF FF FF FF 86 BE 01 05 F0 4D 85 14 00 44 14 06 42 C8 00 00 42 C8 00 00 00 00 00 00 00 00 00 00 46","FF FF FF FF FF 86 BE 01 05 F0 4D 85 14 00 44 14 06 42 C8 00 00 42 C8 00 00 00 00 00 00 00 00 00 00 46",""
68,13:30:05.517,133,EXACT,"FF FF FF FF FF 82 BE 01 05 F0 4D 85 01 18 19","FF FF FF FF FF 86 BE 01 05 F0 4D 85 14 00 44 18 06 00 00 00 00 00 00 00 00 00 00 00 00 00 00 00 00 4A","FF FF FF FF FF 86 BE 01 05 F0 4D 85 14 00 44 18 06 00 00 00 00 00 00 00 00 00 00 00 00 00 00 00 00 4A",""
69,13:30:06.071,133,EXACT,"FF FF FF FF FF 82 BE 01 05 F0 4D 85 01 1C 1D","FF FF FF FF FF 86 BE 01 05 F0 4D 85 14 00 44 1C 06 00 00 00 00 00 00 00 00 00 00 00 00 00 00 00 00 4E","FF FF FF FF FF 86 BE 01 05 F0 4D 85 14 00 44 1C 06 00 00 00 00 00 00 00 00 00 00 00 00 00 00 00 00 4E",""
70,13:30:40.872,136,EXACT,"FF FF FF FF FF 82 BE 01 05 F0 4D 88 00 0D","FF FF FF FF FF 86 BE 01 05 F0 4D 88 05 70 44 17 00 00 2F","FF FF FF FF FF 86 BE 01 05 F0 4D 88 05 70 44 17 00 00 2F",""
71,13:30:41.377,140,EXACT,"FF FF FF FF FF 82 BE 01 05 F0 4D 8C 00 09","FF FF FF FF FF 86 BE 01 05 F0 4D 8C 18 70 44 39 C1 4A AA AA 39 42 48 00 00 39 BF A0 00 00 FF 00 39 00 00 00 00 40","FF FF FF FF FF 86 BE 01 05 F0 4D 8C 18 70 44 39 C1 4A AA AA 39 42 48 00 00 39 BF A0 00 00 FF 00 39 00 00 00 00 40",""
72,13:30:42.036,142,EXACT,"FF FF FF FF FF 82 BE 01 05 F0 4D 8E 00 0B","FF FF FF FF FF 86 BE 01 05 F0 4D 8E 16 70 44 3F 80 00 00 3C 23 D7 0A 00 00 00 00 00 00 00 00 3D CC CC CD A0","FF FF FF FF FF 86 BE 01 05 F0 4D 8E 16 70 44 3F 80 00 00 3C 23 D7 0A 00 00 00 00 00 00 00 00 3D CC CC CD A0",""
73,13:30:43.575,140,EXACT,"FF FF FF FF FF 82 BE 01 05 F0 4D 8C 00 09","FF FF FF FF FF 86 BE 01 05 F0 4D 8C 18 70 44 39 C1 4A AA AA 39 42 48 00 00 39 BF A0 00 00 FF 00 39 00 00 00 00 40","FF FF FF FF FF 86 BE 01 05 F0 4D 8C 18 70 44 39 C1 4A AA AA 39 42 48 00 00 39 BF A0 00 00 FF 00 39 00 00 00 00 40",""
74,13:30:46.452,189,EXACT,"FF FF FF FF FF 82 BE 01 05 F0 4D BD 00 38","FF FF FF FF FF 86 BE 01 05 F0 4D BD 08 76 44 FB 00 00 00 00 00 FD","FF FF FF FF FF 86 BE 01 05 F0 4D BD 08 76 44 FB 00 00 00 00 00 FD",""
75,13:30:46.907,185,EXACT,"FF FF FF FF FF 82 BE 01 05 F0 4D B9 00 3C","FF FF FF FF FF 86 BE 01 05 F0 4D B9 08 76 44 FF FB 00 00 00 00 06","FF FF FF FF FF 86 BE 01 05 F0 4D B9 08 76 44 FF FB 00 00 00 00 06",""
76,13:30:47.313,186,EXACT,"FF FF FF FF FF 82 BE 01 05 F0 4D BA 00 3F","FF FF FF FF FF 86 BE 01 05 F0 4D BA 0A 76 44 42 C8 00 00 3F 80 00 00 36","FF FF FF FF FF 86 BE 01 05 F0 4D BA 0A 76 44 42 C8 00 00 3F 80 00 00 36",""
77,13:30:47.823,189,EXACT,"FF FF FF FF FF 82 BE 01 05 F0 4D BD 00 38","FF FF FF FF FF 86 BE 01 05 F0 4D BD 08 76 44 FB 00 00 00 00 00 FD","FF FF FF FF FF 86 BE 01 05 F0 4D BD 08 76 44 FB 00 00 00 00 00 FD",""
78,13:30:49.437,185,EXACT,"FF FF FF FF FF 82 BE 01 05 F0 4D B9 00 3C","FF FF FF FF FF 86 BE 01 05 F0 4D B9 08 76 44 FF FB 00 00 00 00 06","FF FF FF FF FF 86 BE 01 05 F0 4D B9 08 76 44 FF FB 00 00 00 00 06",""
79,13:30:52.464,185,EXACT,"FF FF FF FF FF 82 BE 01 05 F0 4D B9 00 3C","FF FF FF FF FF 86 BE 01 05 F0 4D B9 08 76 44 FF FB 00 00 00 00 06","FF FF FF FF FF 86 BE 01 05 F0 4D B9 08 76 44 FF FB 00 00 00 00 06",""
80,13:30:55.443,185,EXACT,"FF FF FF FF FF 82 BE 01 05 F0 4D B9 00 3C","FF FF FF FF FF 86 BE 01 05 F0 4D B9 08 76 44 FF FB 00 00 00 00 06","FF FF FF FF FF 86 BE 01 05 F0 4D B9 08 76 44 FF FB 00 00 00 00 06",""
81,13:30:58.421,185,EXACT,"FF FF FF FF FF 82 BE 01 05 F0 4D B9 00 3C","FF FF FF FF FF 86 BE 01 05 F0 4D B9 08 76 44 FF FB 00 00 00 00 06","FF FF FF FF FF 86 BE 01 05 F0 4D B9 08 76 44 FF FB 00 00 00 00 06",""
82,13:31:01.450,185,EXACT,"FF FF FF FF FF 82 BE 01 05 F0 4D B9 00 3C","FF FF FF FF FF 86 BE 01 05 F0 4D B9 08 76 44 FF FB 00 00 00 00 06","FF FF FF FF FF 86 BE 01 05 F0 4D B9 08 76 44 FF FB 00 00 00 00 06",""
83,13:31:04.421,185,EXACT,"FF FF FF FF FF 82 BE 01 05 F0 4D B9 00 3C","FF FF FF FF FF 86 BE 01 05 F0 4D B9 08 76 44 FF FB 00 00 00 00 06","FF FF FF FF FF 86 BE 01 05 F0 4D B9 08 76 44 FF FB 00 00 00 00 06",""
84,13:31:05.734,33,EXACT,"FF FF FF FF FF 82 BE 01 05 F0 4D 21 03 04 05 00 A6","FF FF FF FF FF 86 BE 01 05 F0 4D 21 14 00 44 04 31 43 2C 72 59 05 20 41 E0 9F BE 00 27 40 73 33 33 30","FF FF FF FF FF 86 BE 01 05 F0 4D 21 14 00 44 04 31 43 2C 72 59 05 20 41 E0 9F BE 00 27 40 73 33 33 30",""
85,13:31:06.391,14,EXACT,"FF FF FF FF FF 82 BE 01 05 F0 4D 0E 00 8B","FF FF FF FF FF 86 BE 01 05 F0 4D 0E 12 00 44 09 FA 78 04 45 9F 9D F6 C5 9F 9D F6 41 CC 4F 4F 5B","FF FF FF FF FF 86 BE 01 05 F0 4D 0E 12 00 44 09 FA 78 04 45 9F 9D F6 C5 9F 9D F6 41 CC 4F 4F 5B",""
86,13:31:06.895,160,EXACT,"FF FF FF FF FF 82 BE 01 05 F0 4D A0 01 00 24","FF FF FF FF FF 86 BE 01 05 F0 4D A0 0D 00 44 00 0F 05 00 00 00 00 00 00 00 00 62","FF FF FF FF FF 86 BE 01 05 F0 4D A0 0D 00 44 00 0F 05 00 00 00 00 00 00 00 00 62",""
87,13:31:07.350,128,EXACT,"FF FF FF FF FF 82 BE 01 05 F0 4D 80 00 05","FF FF FF FF FF 86 BE 01 05 F0 4D 80 1A 00 44 0C 03 0A 01 02 FB FB FB FB 01 02 01 01 04 45 9F 07 2E 00 00 00 00 FA 00 57","FF FF FF FF FF 86 BE 01 05 F0 4D 80 1A 00 44 0C 03 0A 01 02 FB FB FB FB 01 02 01 01 04 45 9F 07 2E 00 00 00 00 FA 00 57",""
88,13:31:24.103,1,EXACT,"FF FF FF FF FF 82 BE 01 05 F0 4D 01 00 84","FF FF FF FF FF 86 BE 01 05 F0 4D 01 07 00 44 04 00 00 00 00 C7","FF FF FF FF FF 86 BE 01 05 F0 4D 01 07 00 44 04 00 00 00 00 C7",""
89,13:31:26.780,43,EXACT,"FF FF FF FF FF 82 BE 01 05 F0 4D 2B 01 00 AF","FF FF FF FF FF 86 BE 01 05 F0 4D 2B 02 00 44 EC","FF FF FF FF FF 86 BE 01 05 F0 4D 2B 02 00 44 EC",""
90,13:31:27.487,43,EXACT,"FF FF FF FF FF 82 BE 01 05 F0 4D 2B 01 00 AF","FF FF FF FF FF 86 BE 01 05 F0 4D 2B 02 00 44 EC","FF FF FF FF FF 86 BE 01 05 F0 4D 2B 02 00 44 EC",""
91,13:31:28.191,43,EXACT,"FF FF FF FF FF 82 BE 01 05 F0 4D 2B 01 00 AF","FF FF FF FF FF 86 BE 01 05 F0 4D 2B 02 00 44 EC","FF FF FF FF FF 86 BE 01 05 F0 4D 2B 02 00 44 EC",""
92,13:31:28.645,43,EXACT,"FF FF FF FF FF 82 BE 01 05 F0 4D 2B 01 00 AF","FF FF FF FF FF 86 BE 01 05 F0 4D 2B 02 00 44 EC","FF FF FF FF FF 86 BE 01 05 F0 4D 2B 02 00 44 EC",""
93,13:31:28.997,43,EXACT,"FF FF FF FF FF 82 BE 01 05 F0 4D 2B 01 00 AF","FF FF FF FF FF 86 BE 01 05 F0 4D 2B 02 00 44 EC","FF FF FF FF FF 86 BE 01 05 F0 4D 2B 02 00 44 EC",""
94,13:31:31.878,1,EXACT,"FF FF FF FF FF 82 BE 01 05 F0 4D 01 00 84","FF FF FF FF FF 86 BE 01 05 F0 4D 01 07 00 44 04 00 00 00 00 C7","FF FF FF FF FF 86 BE 01 05 F0 4D 01 07 00 44 04 00 00 00 00 C7",""
95,13:31:32.886,1,EXACT,"FF FF FF FF FF 82 BE 01 05 F0 4D 01 00 84","FF FF FF FF FF 86 BE 01 05 F0 4D 01 07 00 44 04 00 00 00 00 C7","FF FF FF FF FF 86 BE 01 05 F0 4D 01 07 00 44 04 00 00 00 00 C7",""
96,13:31:35.106,1,EXACT,"FF FF FF FF FF 82 BE 01 05 F0 4D 01 00 84","FF FF FF FF FF 86 BE 01 05 F0 4D 01 07 00 44 04 00 00 00 00 C7","FF FF FF FF FF 86 BE 01 05 F0 4D 01 07 00 44 04 00 00 00 00 C7",""
97,13:31:37.526,33,SEMANTIC,"FF FF FF FF FF 82 BE 01 05 F0 4D 21 01 05 A0","FF FF FF FF FF 86 BE 01 05 F0 4D 21 08 00 44 05 20 41 E0 A6 E7 29","FF FF FF FF FF 86 BE 01 05 F0 4D 21 08 00 44 05 20 41 E0 9F BE 49","live process value differs (command 33): captured [05 20 41 E0 A6 E7] simulated [05 20 41 E0 9F BE]"
98,13:31:39.748,160,EXACT,"FF FF FF FF FF 82 BE 01 05 F0 4D A0 01 00 24","FF FF FF FF FF 86 BE 01 05 F0 4D A0 0D 00 44 00 0F 05 00 00 00 00 00 00 00 00 62","FF FF FF FF FF 86 BE 01 05 F0 4D A0 0D 00 44 00 0F 05 00 00 00 00 00 00 00 00 62",""
99,13:31:40.353,160,EXACT,"FF FF FF FF FF 82 BE 01 05 F0 4D A0 01 01 25","FF FF FF FF FF 86 BE 01 05 F0 4D A0 0D 00 44 01 0F 05 44 9F 9D F6 44 9F 9D F6 63","FF FF FF FF FF 86 BE 01 05 F0 4D A0 0D 00 44 01 0F 05 44 9F 9D F6 44 9F 9D F6 63",""
100,13:31:40.909,160,EXACT,"FF FF FF FF FF 82 BE 01 05 F0 4D A0 01 02 26","FF FF FF FF FF 86 BE 01 05 F0 4D A0 0D 00 44 02 0F 05 45 1F 9D F6 45 1F 9D F6 60","FF FF FF FF FF 86 BE 01 05 F0 4D A0 0D 00 44 02 0F 05 45 1F 9D F6 45 1F 9D F6 60",""
101,13:31:41.414,160,EXACT,"FF FF FF FF FF 82 BE 01 05 F0 4D A0 01 03 27","FF FF FF FF FF 86 BE 01 05 F0 4D A0 0D 00 44 03 0F 05 45 6F 6C F1 45 6F 6C F1 61","FF FF FF FF FF 86 BE 01 05 F0 4D A0 0D 00 44 03 0F 05 45 6F 6C F1 45 6F 6C F1 61",""
102,13:31:41.919,160,EXACT,"FF FF FF FF FF 82 BE 01 05 F0 4D A0 01 04 20","FF FF FF FF FF 86 BE 01 05 F0 4D A0 0D 00 44 04 0F 05 45 9F 9D F6 45 9F 9D F6 66","FF FF FF FF FF 86 BE 01 05 F0 4D A0 0D 00 44 04 0F 05 45 9F 9D F6 45 9F 9D F6 66",""
103,13:31:42.471,1,EXACT,"FF FF FF FF FF 82 BE 01 05 F0 4D 01 00 84","FF FF FF FF FF 86 BE 01 05 F0 4D 01 07 00 44 04 00 00 00 00 C7","FF FF FF FF FF 86 BE 01 05 F0 4D 01 07 00 44 04 00 00 00 00 C7",""
104,13:31:42.926,204,EXACT,"FF FF FF FF FF 82 BE 01 05 F0 4D CC 02 01 10 5A","FF FF FF FF FF 86 BE 01 05 F0 4D CC 05 00 44 01 10 00 1D","FF FF FF FF FF 86 BE 01 05 F0 4D CC 05 00 44 01 10 00 1D",""
105,13:31:49.235,40,EXACT,"FF FF FF FF FF 82 BE 01 05 F0 4D 28 04 40 80 00 00 69","FF FF FF FF FF 86 BE 01 05 F0 4D 28 06 00 4C 40 80 00 00 23","FF FF FF FF FF 86 BE 01 05 F0 4D 28 06 00 4C 40 80 00 00 23",""
106,13:31:49.689,40,EXACT,"FF FF FF FF FF 82 BE 01 05 F0 4D 28 04 00 00 00 00 A9","FF FF FF FF FF 86 BE 01 05 F0 4D 28 06 00 44 00 00 00 00 EB","FF FF FF FF FF 86 BE 01 05 F0 4D 28 06 00 44 00 00 00 00 EB",""
107,13:31:50.194,33,EXACT,"FF FF FF FF FF 82 BE 01 05 F0 4D 21 01 00 A5","FF FF FF FF FF 86 BE 01 05 F0 4D 21 08 00 44 00 27 40 73 33 33 F8","FF FF FF FF FF 86 BE 01 05 F0 4D 21 08 00 44 00 27 40 73 33 33 F8",""
108,13:31:53.221,33,EXACT,"FF FF FF FF FF 82 BE 01 05 F0 4D 21 01 00 A5","FF FF FF FF FF 86 BE 01 05 F0 4D 21 08 00 44 00 27 40 73 33 33 F8","FF FF FF FF FF 86 BE 01 05 F0 4D 21 08 00 44 00 27 40 73 33 33 F8",""
109,13:31:58.618,166,EXACT,"FF FF FF FF FF 82 BE 01 05 F0 4D A6 00 23","FF FF FF FF FF 86 BE 01 05 F0 4D A6 10 00 44 3D 07 00 00 13 00 00 08 00 01 00 00 03 08 58","FF FF FF FF FF 86 BE 01 05 F0 4D A6 10 00 44 3D 07 00 00 13 00 00 08 00 01 00 00 03 08 58",""
110,13:32:05.700,33,EXACT,"FF FF FF FF FF 82 BE 01 05 F0 4D 21 01 14 B1","FF FF FF FF FF 86 BE 01 05 F0 4D 21 08 00 44 14 FB C4 C5 DD 4D 92","FF FF FF FF FF 86 BE 01 05 F0 4D 21 08 00 44 14 FB C4 C5 DD 4D 92",""
111,13:43:10.887,33,EXACT,"FF FF FF FF FF 82 BE 01 05 F0 4D 21 01 00 A5","FF FF FF FF FF 86 BE 01 05 F0 4D 21 08 00 44 00 27 40 73 33 33 F8","FF FF FF FF FF 86 BE 01 05 F0 4D 21 08 00 44 00 27 40 73 33 33 F8",""
112,13:43:11.340,33,SEMANTIC,"FF FF FF FF FF 82 BE 01 05 F0 4D 21 01 00 A5","FF FF FF FF FF 86 BC 01 05 F0 4D 21 08 00 44 00 27 40 73 33 33 F8","FF FF FF FF FF 86 BE 01 05 F0 4D 21 08 00 44 00 27 40 73 33 33 F8","capture corrupted by line noise: address byte BC vs BE (single bit flip, XOR invalid); every other byte incl. checksum matches"
113,13:43:11.792,33,EXACT,"FF FF FF FF FF 82 BE 01 05 F0 4D 21 01 00 A5","FF FF FF FF FF 86 BE 01 05 F0 4D 21 08 00 44 00 27 40 73 33 33 F8","FF FF FF FF FF 86 BE 01 05 F0 4D 21 08 00 44 00 27 40 73 33 33 F8",""
114,13:43:12.247,33,EXACT,"FF FF FF FF FF 82 BE 01 05 F0 4D 21 01 00 A5","FF FF FF FF FF 86 BE 01 05 F0 4D 21 08 00 44 00 27 40 73 33 33 F8","FF FF FF FF FF 86 BE 01 05 F0 4D 21 08 00 44 00 27 40 73 33 33 F8",""
115,13:43:13.105,33,EXACT,"FF FF FF FF FF 82 BE 01 05 F0 4D 21 01 00 A5","FF FF FF FF FF 86 BE 01 05 F0 4D 21 08 00 44 00 27 40 73 33 33 F8","FF FF FF FF FF 86 BE 01 05 F0 4D 21 08 00 44 00 27 40 73 33 33 F8",""
116,13:43:15.683,40,EXACT,"FF FF FF FF FF 82 BE 01 05 F0 4D 28 04 40 80 00 00 69","FF FF FF FF FF 86 BE 01 05 F0 4D 28 06 00 4C 40 80 00 00 23","FF FF FF FF FF 86 BE 01 05 F0 4D 28 06 00 4C 40 80 00 00 23",""
117,13:43:16.188,33,SEMANTIC,"FF FF FF FF FF 82 BE 01 05 F0 4D 21 01 00 A5","FF FF FF FF FF 86 BC 01 05 F0 4D 21 08 00 4C 00 27 40 80 00 00 03","FF FF FF FF FF 86 BE 01 05 F0 4D 21 08 00 4C 00 27 40 80 00 00 03","capture corrupted by line noise: address byte BC vs BE (single bit flip, XOR invalid); every other byte incl. checksum matches"
118,13:43:16.691,33,EXACT,"FF FF FF FF FF 82 BE 01 05 F0 4D 21 01 00 A5","FF FF FF FF FF 86 BE 01 05 F0 4D 21 08 00 4C 00 27 40 80 00 00 03","FF FF FF FF FF 86 BE 01 05 F0 4D 21 08 00 4C 00 27 40 80 00 00 03",""
119,13:43:18.658,33,EXACT,"FF FF FF FF FF 82 BE 01 05 F0 4D 21 01 00 A5","FF FF FF FF FF 86 BE 01 05 F0 4D 21 08 00 4C 00 27 40 80 00 00 03","FF FF FF FF FF 86 BE 01 05 F0 4D 21 08 00 4C 00 27 40 80 00 00 03",""
120,13:43:21.682,33,EXACT,"FF FF FF FF FF 82 BE 01 05 F0 4D 21 01 00 A5","FF FF FF FF FF 86 BE 01 05 F0 4D 21 08 00 4C 00 27 40 80 00 00 03","FF FF FF FF FF 86 BE 01 05 F0 4D 21 08 00 4C 00 27 40 80 00 00 03",""
121,13:43:23.854,40,EXACT,"FF FF FF FF FF 82 BE 01 05 F0 4D 28 04 41 00 00 00 E8","FF FF FF FF FF 86 BE 01 05 F0 4D 28 06 00 4C 41 00 00 00 A2","FF FF FF FF FF 86 BE 01 05 F0 4D 28 06 00 4C 41 00 00 00 A2",""
122,13:43:24.360,33,EXACT,"FF FF FF FF FF 82 BE 01 05 F0 4D 21 01 00 A5","FF FF FF FF FF 86 BE 01 05 F0 4D 21 08 00 4C 00 27 41 00 00 00 82","FF FF FF FF FF 86 BE 01 05 F0 4D 21 08 00 4C 00 27 41 00 00 00 82",""
123,13:43:26.883,33,EXACT,"FF FF FF FF FF 82 BE 01 05 F0 4D 21 01 00 A5","FF FF FF FF FF 86 BE 01 05 F0 4D 21 08 00 4C 00 27 41 00 00 00 82","FF FF FF FF FF 86 BE 01 05 F0 4D 21 08 00 4C 00 27 41 00 00 00 82",""
124,13:43:29.862,33,EXACT,"FF FF FF FF FF 82 BE 01 05 F0 4D 21 01 00 A5","FF FF FF FF FF 86 BE 01 05 F0 4D 21 08 00 4C 00 27 41 00 00 00 82","FF FF FF FF FF 86 BE 01 05 F0 4D 21 08 00 4C 00 27 41 00 00 00 82",""
125,13:43:31.172,40,EXACT,"FF FF FF FF FF 82 BE 01 05 F0 4D 28 04 41 40 00 00 A8","FF FF FF FF FF 86 BE 01 05 F0 4D 28 06 00 4C 41 40 00 00 E2","FF FF FF FF FF 86 BE 01 05 F0 4D 28 06 00 4C 41 40 00 00 E2",""
126,13:43:31.679,33,EXACT,"FF FF FF FF FF 82 BE 01 05 F0 4D 21 01 00 A5","FF FF FF FF FF 86 BE 01 05 F0 4D 21 08 00 4C 00 27 41 40 00 00 C2","FF FF FF FF FF 86 BE 01 05 F0 4D 21 08 00 4C 00 27 41 40 00 00 C2",""
127,13:43:34.154,33,EXACT,"FF FF FF FF FF 82 BE 01 05 F0 4D 21 01 00 A5","FF FF FF FF FF 86 BE 01 05 F0 4D 21 08 00 4C 00 27 41 40 00 00 C2","FF FF FF FF FF 86 BE 01 05 F0 4D 21 08 00 4C 00 27 41 40 00 00 C2",""
128,13:43:36.630,40,EXACT,"FF FF FF FF FF 82 BE 01 05 F0 4D 28 04 41 80 00 00 68","FF FF FF FF FF 86 BE 01 05 F0 4D 28 06 00 4C 41 80 00 00 22","FF FF FF FF FF 86 BE 01 05 F0 4D 28 06 00 4C 41 80 00 00 22",""
129,13:43:37.185,33,EXACT,"FF FF FF FF FF 82 BE 01 05 F0 4D 21 01 00 A5","FF FF FF FF FF 86 BE 01 05 F0 4D 21 08 00 4C 00 27 41 80 00 00 02","FF FF FF FF FF 86 BE 01 05 F0 4D 21 08 00 4C 00 27 41 80 00 00 02",""
130,13:43:39.603,33,EXACT,"FF FF FF FF FF 82 BE 01 05 F0 4D 21 01 00 A5","FF FF FF FF FF 86 BE 01 05 F0 4D 21 08 00 4C 00 27 41 80 00 00 02","FF FF FF FF FF 86 BE 01 05 F0 4D 21 08 00 4C 00 27 41 80 00 00 02",""
131,13:43:40.764,40,EXACT,"FF FF FF FF FF 82 BE 01 05 F0 4D 28 04 41 A0 00 00 48","FF FF FF FF FF 86 BE 01 05 F0 4D 28 06 00 4C 41 A0 00 00 02","FF FF FF FF FF 86 BE 01 05 F0 4D 28 06 00 4C 41 A0 00 00 02",""
132,13:43:41.269,33,EXACT,"FF FF FF FF FF 82 BE 01 05 F0 4D 21 01 00 A5","FF FF FF FF FF 86 BE 01 05 F0 4D 21 08 00 4C 00 27 41 A0 00 00 22","FF FF FF FF FF 86 BE 01 05 F0 4D 21 08 00 4C 00 27 41 A0 00 00 22",""
133,13:43:43.742,33,EXACT,"FF FF FF FF FF 82 BE 01 05 F0 4D 21 01 00 A5","FF FF FF FF FF 86 BE 01 05 F0 4D 21 08 00 4C 00 27 41 A0 00 00 22","FF FF FF FF FF 86 BE 01 05 F0 4D 21 08 00 4C 00 27 41 A0 00 00 22",""
134,13:43:45.761,40,SEMANTIC,"FF FF FF FF FF 82 BE 01 05 F0 4D 28 04 00 00 00 00 A9","FF FF FD FF FF 86 BE 01 05 F0 4D 28 06 00 44 00 00 00 00","FF FF FF FF FF 86 BE 01 05 F0 4D 28 06 00 44 00 00 00 00 EB","capture truncated (log ended; 0xFD preamble glitch); all 14 captured frame bytes match the simulated reply"
